formatted_address,name,place_id,rating,types,user_ratings_total,photos,lat,lng
"PQ5V+GX9, Pondok Batu, Sarudik, Central Tapanuli Regency, North Sumatra, Indonesia",Air Terjun Pondok Batu,ChIJYxPq-kPzLjARXUYC0-k1Nbk,5.0,"['tourist_attraction', 'point_of_interest', 'establishment']",1.0,,1.7087882,98.7949714
"QR62+J8F, Jl. Sibolga - Tarutung, Simaninggir, Kec. Sitahuis, Kota Sibolga, Sumatera Utara, Indonesia",Air Terjun Batu Lubang,ChIJZw01hFX1LjARGtsMWzf9L9o,5.0,"['tourist_attraction', 'point_of_interest', 'establishment']",2.0,"[{'height': 1200, 'html_attributions': ['<a href=""https://maps.google.com/maps/contrib/108531147594321813576"">Agung Hidayat</a>'], 'photo_reference': 'AUGGfZmA5TrzYkgWKd97j6IVeGSPbsLN6N770Bolas_g8pZIM2clN-60HeWqk0QW-GWUPyv1cXSY_WRUUAhmaAdBmevm9vuwv_6Rxcmanh0X45bp-4g9makslSB-SqnMDCiAsjtm180Qy9TZ2iZW8k_1EvECGO2X8_xxBEl51AeyWqyTKoGo', 'width': 1600}]",1.76156,98.8008016
"PQ5Q+WJ, Pondok Batu, Sarudik, Central Tapanuli Regency, North Sumatra, Indonesia",Air Terjun Labuhan Sonang,ChIJc1ZkPwDzLjARRmF0wA5HX1E,4.6,"['tourist_attraction', 'point_of_interest', 'establishment']",32.0,"[{'height': 1080, 'html_attributions': ['<a href=""https://maps.google.com/maps/contrib/105317138553909975617"">A Google User</a>'], 'photo_reference': 'AUGGfZmxV15BY5uV_L91SRG9PilbvyCMdNW7_CFTm7D97T7884O6x6zH1I8gF-CTLO96aSfqBRuXCvmRPocauVU0x-7oxWM-omMAN8LSfLx0AZspChhozChB28ZP-QfihMrlD1-kqxcFrL5vhVewKLezqlLWPXyHmRrYBijerWrk1hxwDzx3', 'width': 1920}]",1.7097678,98.7890125
"RQVM+8H8, Naga Timbul, Sitahuis, Central Tapanuli Regency, North Sumatra 22562, Indonesia",Air Terjun Lehu,ChIJ72IhYhVfLjARl6bLCTAfeAg,4.0,"['tourist_attraction', 'point_of_interest', 'establishment']",4.0,"[{'height': 576, 'html_attributions': ['<a href=""https://maps.google.com/maps/contrib/100949388462025186587"">Erick Tulus</a>'], 'photo_reference': 'AUGGfZliv1P-RDCVq__m8Re-DX5fDvNn85kws1nva5W0sGplPi8vFxieusf-g_bYcovG6SE_IFUFMiw1Iu9dHOhJ8pNs5I3xYqUn6FvZjs7e5sM-4ciDbudiYHfBC0xt1UiofgCuXanvLozXpWwXMo64u9Csd_K5RBdU800RPMa_Obp8WNMX', 'width': 576}]",1.8432913,98.7839559
"QQ8W+6V2, Jl. Sibolga - Tarutung, Simaninggir, Kec. Sitahuis, Kabupaten Tapanuli Tengah, Sumatera Utara 22618, Indonesia",Batu Lubang Sibolga,ChIJuatnZ_n0LjARwAUE2g6B5GE,4.5,"['tourist_attraction', 'point_of_interest', 'establishment']",602.0,"[{'height': 3456, 'html_attributions': ['<a href=""https://maps.google.com/maps/contrib/115348514679950198130"">anindyka pribadi</a>'], 'photo_reference': 'AUGGfZlgF2w2lU2vfoXjF-JreTFS2cfvbzZ3eHuLpHQor6XAUo14HeY-XT8WAJNPXFDNyY6TSmuS4D2VNu4aORi-xwbRAvc-GB-v7hBgZNE0E4nqesvdaM2ez7jj6ervVbJ32WpwxQ_P95jR4NH1eT5wokS4RD562u-3q2eUHbN8cEwCCdK1', 'width': 4608}]",1.7655116,98.7971256
"MR4J+MF6, Hajoran, Pandan, Central Tapanuli Regency, North Sumatra 22611, Indonesia","Pantai Batu Gajah, Hajoran",ChIJh0J9BKryLjARH7tjjKakLUM,4.3,"['tourist_attraction', 'point_of_interest', 'establishment']",274.0,"[{'height': 2448, 'html_attributions': ['<a href=""https://maps.google.com/maps/contrib/103459624781131549655"">syahrial amri</a>'], 'photo_reference': 'AUGGfZmHqBYgy7dBO5Uk54yBvixE1kkUdOdgEGlmnpMxdFSj87bG5Wf5l92sGWRvs_q45QWPZYq9X1CrYZPHY4tknqb343xZmREFo_3di0IsvWAEnhfV-P-8XaLOZy9L9wnfWqZcUOUjc7jUqA6Vvlh1sZDpziR-WYFYCRNZlcKt3uXMX5LP', 'width': 3264}]",1.6566578,98.831145
"QRR8+42Q, Bonandolok, Sitahuis, Central Tapanuli Regency, North Sumatra 22618, Indonesia",Air Terjun Aek Meranti,ChIJaQRVdpr1LjARQG8oU-mh06E,4.8,"['tourist_attraction', 'point_of_interest', 'establishment']",14.0,"[{'height': 4096, 'html_attributions': ['<a href=""https://maps.google.com/maps/contrib/100949388462025186587"">Erick Tulus</a>'], 'photo_reference': 'AUGGfZmL1zeefQHy2LzoaGKlsqlOXUmVg9meQSnd1oEjzkA9dkueYLhU-yNlVxQMnKEgX4_-_bicK7TuiD2SWrFxzmTL2AlElhdioDElvuWzXtYLZ-uAQFnves6vUKc_KpCFTCZs88UBsdtuQ6jjm3XdCKeCKwUmBLe4baKAqJ9duPnwu3Jf', 'width': 3072}]",1.7903496,98.8150994
"RR44+63P, Unnamed Road, Rampa, Kec. Sitahuis, Kabupaten Tapanuli Tengah, Sumatera Utara 22618, Indonesia",Air Terjun Rampa,ChIJqVhjXpz1LjARW9LL27cpGVU,4.7,"['tourist_attraction', 'point_of_interest', 'establishment']",124.0,"[{'height': 4032, 'html_attributions': ['<a href=""https://maps.google.com/maps/contrib/111771219943064416233"">Daeng Haris</a>'], 'photo_reference': 'AUGGfZmp2zMsmfPRvoMraC3VohI4JF5oeV_JyC0moEkqUhvTEncZfQ6veMHwvh8eOuX-moD8puA9q1dp3IyMdDTfR5tKf9YalUx2ONt1jzEpAAwQzyYC-a0q3FjfPnB8gw67apMm2WT2DX3L7p-TkCCPCNT3v9T2UDqGs766dKzAc8jJ07Xo', 'width': 3024}]",1.8055824,98.8052084
"Sitiris-Tiris, Andam Dewi, Central Tapanuli Regency, North Sumatra, Indonesia",Karang Island Beach,ChIJAWCXn-axLzAROvSGXyyhzNs,4.8,"['tourist_attraction', 'point_of_interest', 'establishment']",24.0,"[{'height': 563, 'html_attributions': ['<a href=""https://maps.google.com/maps/contrib/103559905158242132330"">Pardianto Situmorang</a>'], 'photo_reference': 'AUGGfZlr4hOJYloQmB-SVeMALYbofvQK2bj2emfyNIsowlECT8DQTmmxKWw2JTOQbWS-JY-mAbRMe2287kYq8YMog7m3oAl6NAc3R9UUE6NudAtFt0hknl_OfKpbPPhKYVm0AElpNA7zrVC00B0UlbBgIGRlRtk-bLqeQU6bXaTpF4AB8d0c', 'width': 1000}]",1.9751884,98.3525793
"Pondok Batu, Sarudik, Central Tapanuli Regency, North Sumatra 22523, Indonesia",Pantai Pandaratan Pondok Batu,ChIJ84AI0ZvzLjAR8wa0GS8kGEw,4.3,"['tourist_attraction', 'point_of_interest', 'establishment']",193.0,"[{'height': 9024, 'html_attributions': ['<a href=""https://maps.google.com/maps/contrib/104534545855620026888"">Aldi Renaldi</a>'], 'photo_reference': 'AUGGfZlP6jmTlA5H2bQgOMalMPIR6tAUjKKV2y0t4ZL490GnYTmhr0K4J7T03AUp4HFD0S-LNxu5Y4H0Aphru8ANeRhigDdSTPtBBPbzw819EU7vWX__c6R4tfEXzqMB4OocQZ9DQqd1kfl6l4IgBGgmMKiYZWBP0eDWpnuJ8zFWvPpC3Cfd', 'width': 12032}]",1.7195625,98.7835625
"Barus Pantai, Ps, Jl. KH Zainul Arifin No.11, Ps. Batu Gerigis, Kec. Barus, Kabupaten Tapanuli Tengah, Sumatera Utara 22564, Indonesia",Pantai Barus,ChIJocPBzhizLzAR6mRG-NXVbOY,4.6,"['tourist_attraction', 'point_of_interest', 'establishment']",34.0,"[{'height': 2336, 'html_attributions': ['<a href=""https://maps.google.com/maps/contrib/118240074856114089319"">Nur Hilmia</a>'], 'photo_reference': 'AUGGfZlATjThOo5qR5bzlyJLkLKZOZPxt-TzhNoYlC3mG7SLPY1vy49hMY-ZJsUj23e7nE6Kks01W6XZcghVv0_tr83wDrqiOgiHkzz_5wWch8kypOjXJljVL8wduF0Iqda1Eet7iMqK-e0i4Tli2JY7sbm4JiUKnhS6QcC95R6ZHNKi8FZm', 'width': 4160}]",2.007521,98.3983969
"HH6G+MJR, Tapian Nauli I, Tapian Nauli, Central Tapanuli Regency, North Sumatra 22618, Indonesia",Pulau Kalimantung Na Menek,ChIJOzTal-jnLjAROFQdceAcRqY,4.7,"['tourist_attraction', 'point_of_interest', 'establishment']",50.0,"[{'height': 2250, 'html_attributions': ['<a href=""https://maps.google.com/maps/contrib/101926149841777808420"">A Google User</a>'], 'photo_reference': 'AUGGfZkQOOe0l4YRPheh0IncTtl-qRJPh2LmI6dmZJMx8Cjn5JCxc5L6DwnpV6NNmHfktKxiCJhayJdnGAtvk8rKFHWzAKCYhmPNgCE7sVmeGghsh-30GPCEgNVnlYvYTyuoiZ_b_ioyJIMfTzpL4Cp5rApMvb9lXQd3AiPZswXd5YM-BnA-', 'width': 4000}]",1.5617253,98.5765065
"QQ6X+XJR, Simaninggir, Sitahuis, Central Tapanuli Regency, North Sumatra 22618, Indonesia",Panatapan Kota Sibolga,ChIJhdlWzZD1LjARIiY9o3o3lFw,4.5,"['tourist_attraction', 'point_of_interest', 'establishment']",40.0,"[{'height': 4160, 'html_attributions': ['<a href=""https://maps.google.com/maps/contrib/115350195487394488003"">A Google User</a>'], 'photo_reference': 'AUGGfZlvFMvnfdORY1ixe5Kbl5Fet4RlEsInwdSZNBOaGqWLvdWTT902WIP3Yxcu2-RZS1E54kh-Udq4ZEDzcKDUjuHajgtu7imK5FEZefd_mpyXXPPLHAwjdItcfGcJI6AaHfzEeQrYNa9Aq461BOB96w2TuWFz73wQQYfv6zC1u50RE7I3', 'width': 3120}]",1.7624821,98.7990229
"Q9RW+V3, Suka Makmur, Bandar Pasir Mandoge, Asahan Regency, North Sumatra, Indonesia",Air terjun naputuk,ChIJQbqpCT89MjAR6pjeaGEB8Vk,5.0,"['tourist_attraction', 'point_of_interest', 'establishment']",1.0,"[{'height': 4080, 'html_attributions': ['<a href=""https://maps.google.com/maps/contrib/110178403936097053197"">A Google User</a>'], 'photo_reference': 'AUGGfZlXWhYEs73YcD9c08n9c9z_RbU-XMpnx1VAqLwsPfnmwftGEyg6b9bSK--CGdzX-W_X7mndc1H1RIl4vHM2pz0ry1nSLqC-XuLJPIv9HZgkmaqE83-9MYcYGbmSM7CG_UijjNVTAQWhMvzqftttQZzkSUdyvVx8Tgbr6H-1_9SryFJh', 'width': 2296}]",2.7920625,99.3951875
"Bah Tobu, Dolok Batu Nanggar, Simalungun Regency, North Sumatra, Indonesia",Keluarga purba,ChIJMfid0iF_MTARsLrxwuUAbis,4.5,"['tourist_attraction', 'point_of_interest', 'establishment']",2.0,"[{'height': 2992, 'html_attributions': ['<a href=""https://maps.google.com/maps/contrib/104803941506073083877"">Herry Purba</a>'], 'photo_reference': 'AUGGfZld5LE7Nog2ULiLdMGwXjanoGTizThdydofbqtn5I8tpELiICVlqwEOjIctnS4tKnkHgdtvuXGz34E1uwBr5jcuLdsSQawlrG3W6zV7j6jJn63gmri0O2QYsyyrdTT3vD3RWT9HKFXMLroWNQF6Bb_VEIIU_xxWqtFUH_VHzrNgjvbL', 'width': 4000}]",3.092071,99.1434081
"34RR+XP5, huta songal Nagori, Bah Tobu, Kec. Dolok Batu Nanggar, Kabupaten Simalungun, Sumatera Utara 21155, Indonesia","Huta Songal Nagori Bahtobu, Serbalawan Kab. Simalungun",ChIJJX96ubd_MTARAwDDjfXXrdE,3.9,"['tourist_attraction', 'point_of_interest', 'establishment']",38.0,"[{'height': 3120, 'html_attributions': ['<a href=""https://maps.google.com/maps/contrib/109151849179851564136"">A Google User</a>'], 'photo_reference': 'AUGGfZmjRMcRxVEqJWQq9ygYaYvJTu_pT2DPw8CG0I2VE-tDhNUZ15YGZI1eJT0V02ydC1ShdlIP-QfFD_INJkrJM2nMIPMRLp08sb4wnRuuDuwoSt6mx7fx1k7ywwSw9c2DSj4jo4kq-HyqrbJVdfxUQLjctFGa6LSP-8E0SUd97iQ3XtgX', 'width': 4160}]",3.0923861,99.1418595
"RQ7M+587, Togu Domu Nauli, Dolok Pardamean, Simalungun Regency, North Sumatra 21163, Indonesia",Panorama Beautiful Sipintuangin Dolok Pardamean,ChIJtQpBo4--MTARkamKBbvx97E,4.4,"['tourist_attraction', 'point_of_interest', 'establishment']",213.0,"[{'height': 3840, 'html_attributions': ['<a href=""https://maps.google.com/maps/contrib/105165096904389570067"">Mata Arie</a>'], 'photo_reference': 'AUGGfZm1Bw2LyxjIsL19oq6v2iEAHpxCpmlS8UYJCvfBfjIxUBsX4-kCidE7JqSCcZbkC9nqKSf36BvcFbYJ6IUhFpD-BOWxKeFe5CxdN1Ov6WlM1OYDIM_Z1vDrwUHqlj23ufZWtokGK974lOmEZcys1G14nvUWH9kqdf0UP3AWX0Lfxy7V', 'width': 2160}]",2.812918,98.7833055
"Jl. Simarjarunjung, Sirube-rube Gn. Purba, Kec. Dolok Pardamean, Kabupaten Simalungun, Sumatera Utara, Indonesia","Juma Tidahan Resto, Cafe & Guest House",ChIJZ6fzzIC_MTARd9fEkqg7PWY,4.7,"['tourist_attraction', 'point_of_interest', 'establishment']",18.0,"[{'height': 1844, 'html_attributions': ['<a href=""https://maps.google.com/maps/contrib/116487470439241408940"">A Google User</a>'], 'photo_reference': 'AUGGfZkPtZ4v7CUR1vBnb_ZKR14AdZwBOgA6KbxuZvOmh-5LAEwU8Q27TCSI6M_Wadn4n4lUFuA849VctHCObBWd7P7cXoE7y5BrIw3spsubTNQoxzbPrDB-tAii7ckZkSPan-gjVx0W8GEeqNvbp6vaT9-haTBR7DcTHJ8XTJp6vQyxCc18', 'width': 3774}]",2.81684,98.8058407
"Togu Domu Nauli, Dolok Pardamean, Simalungun Regency, North Sumatra 21163, Indonesia",raja konta village,ChIJDzb5Gq--MTARV1NhEZcjCak,4.5,"['tourist_attraction', 'point_of_interest', 'establishment']",18.0,"[{'height': 2340, 'html_attributions': ['<a href=""https://maps.google.com/maps/contrib/108978616268078777389"">Wisa Vahlevi</a>'], 'photo_reference': 'AUGGfZndm5r5bplMUn7a_rLv-96UOdaCFVBZ89fTSL9-_pxe3RVPwIUM6ZeUdmIHOw5UKZOrbOyNmxBBxUwa84nJgSBU1YRdK6auqAPvBGnU2DmMgrQLAjMzHgnutIZ1E7Q4waPiJk6dU5LluwoUeHwgT02NzLmdM62rVERdOGIyOBEDfJ4t', 'width': 4160}]",2.8178151,98.7569166
"Jl. Simarjarunjung, Butu Bayu Pane Raja, Kec. Dolok Pardamean, Kabupaten Simalungun, Sumatera Utara 21163, Indonesia",Bukit Indah Simarjarunjung,ChIJzSnEJnO-MTARtXqlJzVKTpM,4.3,"['tourist_attraction', 'point_of_interest', 'establishment']",7136.0,"[{'height': 2322, 'html_attributions': ['<a href=""https://maps.google.com/maps/contrib/106498132330387517174"">A Google User</a>'], 'photo_reference': 'AUGGfZkoaK5FLRC9NIXpCtOqUTB6KNdMek9yJVcXZJfAXnt8uHqr4u21huo8OnL9JN7e8rNE1g_3H4iR8bt0S6QhfXCOVTccz0S1xHOaulo-_oWbEhIYy1uvuzVsQ9FyHrKuuD6AdX7yxAP1vNeTzyCR8oFHlpQ0b6uECI9TXGXxIB763oK-', 'width': 4128}]",2.8133027,98.7812646
"RQH7+F36, Sipapaga, Togu Domu Nauli, Kec. Dolok Pardamean, Kabupaten Simalungun, Sumatera Utara 21163, Indonesia",BUKIT SITIO SIPAPAGA,ChIJ3YXA5sm9MTARkXXtRXSAhZ4,5.0,"['point_of_interest', 'establishment']",1.0,"[{'height': 4160, 'html_attributions': ['<a href=""https://maps.google.com/maps/contrib/118340166463769859387"">A Google User</a>'], 'photo_reference': 'AUGGfZkXHluAnAPGLdc4eLvTB4PTaPRozwTo5WWzrU5gx6eTbYpffohip9vPZ42tRe-o7kqozwHcKMH32iyzPaBjxPbbmvIgp8QdKAxi-05lMRw2OKeum6yj2on_27xFoxobrIK85Mn6jDnjYFOiH77TT78-0miw7lid7fWSFpX1WGXEd3W_', 'width': 3120}]",2.8286666,98.7626344
"RQJ7+FQ2, Jl. Simarjarunjung, Tiga Runggu, Kec. Purba, Kabupaten Simalungun, Sumatera Utara 21163, Indonesia",Penatapan Simarjarunjung,ChIJ1WWXsRu8MTARzgllp5F5Uc4,4.4,"['tourist_attraction', 'point_of_interest', 'establishment']",1352.0,"[{'height': 3072, 'html_attributions': ['<a href=""https://maps.google.com/maps/contrib/115904243718858627666"">Franti≈°ek Brabec</a>'], 'photo_reference': 'AUGGfZmlTWOPF5-G2rzwhXPpuY01ya60EZtK7JKD8LNQDulYozQJmy2iHTTX9fji94TA4AuUoAGFKiC8QD3CM8m-nQmkMlZRFCq464_3HEwUJdbc0MzovT1FAm1w6Y3J6aRQjH1Ghqbsv2dy0zdtQ7zw3RHb_ojUmGfaqcoF2yKNvCEEVXGT', 'width': 4080}]",2.8311325,98.7643966
"R3V3+M3F, Dolok Tomuan, Tiga Dolok, Simalungun Regency, North Sumatra 21151, Indonesia",Rumah Oppung Marlaba,ChIJ6WiWJ_KPMTAR9sNEGl_ObfM,4.3,"['tourist_attraction', 'point_of_interest', 'establishment']",3.0,"[{'height': 2048, 'html_attributions': ['<a href=""https://maps.google.com/maps/contrib/108841650235738203954"">Trendy Agustinus</a>'], 'photo_reference': 'AUGGfZkBpnclkb8jVR6X8J4ZvvzhRqMFDCbU_m0TjJN0xfVQJNKgM4SGdShTUyTzFnEJ2VBa2XWfo3FKCxdB8bw9LIEd6xncOKUKgWnGFjJrrdJ8RNENkKbdz5VV5KGi9j7VJb0gRunEfzNFPH4VTKGLlvPSQ2binxdJvn1gZWb_Q9BSdT19', 'width': 1536}]",2.8441326,99.0526821
"Ambarisan, Sidamanik, Simalungun Regency, North Sumatra 21161, Indonesia",Pemandian alam Bah Damanik,ChIJoQCPniuXMTARwK4S9cJk1lQ,4.2,"['tourist_attraction', 'point_of_interest', 'establishment']",1605.0,"[{'height': 810, 'html_attributions': ['<a href=""https://maps.google.com/maps/contrib/117371403550008711710"">A Google User</a>'], 'photo_reference': 'AUGGfZlZb2K_npshs_l3vChYUHQ3V-o8Ve_vHm-0vZPysHYYXda4k2UUwTK2QTCyENJ6M10_OJoVzwAAMAvSv9PDFt0HqRHTDqCIDd0ftRrz2R56_xpnyxbrkFhGcvXw7klXUFIOwiSglJne-kh2_Q96U1ABWgStOiLLibhCeqVtCszcRxVe', 'width': 1080}]",2.8650376,98.9208046
"Buntu Bartong, Tiga Dolok, Kec. Dolok Panribuan, Kabupaten Simalungun, Sumatera Utara 21173, Indonesia",Manigom Nauli,ChIJL9RNlt-NMTARWVuv02q2TEw,4.4,"['tourist_attraction', 'point_of_interest', 'establishment']",540.0,"[{'height': 3000, 'html_attributions': ['<a href=""https://maps.google.com/maps/contrib/103842542584481180192"">Dede Nurul Iman</a>'], 'photo_reference': 'AUGGfZnyISg5UWpBvWNCaq3HLdZvBlKd3vlxQI7WzRBQQ7ma02v_hSXps0eaqgkH1cS_3y-C1_xCI-TVW3zI_crqAocQwhGDxIxhnLkmKklkm0-3D7Qs3ppdOjxys2SYX71KaDTZpsle1-i5a_HhQdBq_hTbb641q6OsHuinaEtAv3ibcOvX', 'width': 4000}]",2.8211072,99.0369858
"RQ65+67J, Tapian Nauli III, Tapian Nauli, Central Tapanuli Regency, North Sumatra 22562, Indonesia",aek godang sidikkil,ChIJj6MgU8FfLjARBgYf0RP5lfc,5.0,"['tourist_attraction', 'point_of_interest', 'establishment']",1.0,"[{'height': 4000, 'html_attributions': ['<a href=""https://maps.google.com/maps/contrib/112054402244502173114"">romatua hasibuan</a>'], 'photo_reference': 'AUGGfZkkeci-c9DBzDrVv7T97IswJkM5m3BGmubVdHsd205mD5vzW47uzZU4DTrrI9Pg_WZMhcs37mbJvrELg324qM9ltJC9zgDfkoXSau2wbw2sXmDvphGta85AYoMlGt-PHr7NXAEUC_hFKjkwuf-3ULquRaze2S_4BqfD5j8tmRGaJPHi', 'width': 3000}]",1.8105805,98.7581258
"Jl. Sibolga - Barus Muarabolak No.Km 45, Siantar Ca, Kec. Sosorgadong, Kabupaten Tapanuli Tengah, Sumatera Utara 22564, Indonesia",Aek Lubuk Tikko,ChIJib9lnOpTLjARR93F2SUM21k,5.0,"['tourist_attraction', 'point_of_interest', 'establishment']",1.0,"[{'height': 1424, 'html_attributions': ['<a href=""https://maps.google.com/maps/contrib/113458958529500094839"">Franc Nadeak</a>'], 'photo_reference': 'AUGGfZn_OiZJ9e9ofF3P6yZ8YpG2JGQ3lQZIXjsmK2WM6eQBd9kxxUeRnSeabJxaCmLE0UVep8o3aPkqPRzfFsEdmExlnO47aoTv1ZPJSpGrSnUcAH4n484WJsVr8NEBKF1WiYOASJC7kW__MCfjznwZiRGgsG3JtEKE9DSd1b5jsbIFgIMV', 'width': 4496}]",1.9623233,98.5462523
"MQMV+WPF, Pondok Batu, Sarudik, Central Tapanuli Regency, North Sumatra 22536, Indonesia",Pantai Ujung Patikalo,ChIJwdAmWbvzLjARGpxq29mKb9A,5.0,"['tourist_attraction', 'point_of_interest', 'establishment']",1.0,,1.684808,98.7942817
"XJQ5+PR2, Sidaling, Pasaribu Tobing, Central Tapanuli Regency, North Sumatra 22563, Indonesia",Air Terjun Aek Logan,ChIJIZp3RklOLjAReuHHQhBj0es,4.3,"['tourist_attraction', 'point_of_interest', 'establishment']",7.0,"[{'height': 2322, 'html_attributions': ['<a href=""https://maps.google.com/maps/contrib/101531895098599761535"">Fahrin</a>'], 'photo_reference': 'AUGGfZnN9nldPvBPMLE3eskt3qbeDcV476mtyeHY2k6lRP_hiZ2eYbulePlRsdQhQGO28mPA_z_EkL53YxJGXnOMtiW6XJiwzWb0FrKtHms3uxA1KQUbw2eBrPQnB5Dlwc9t628i5O6JCxFtClj90h8NrE72G7YGN7ImolDH-OUynqFx0ljd', 'width': 4128}]",1.9892515,98.6095312
"RQMQ+7G5, Tapian Nauli IV, Tapian Nauli, Central Tapanuli Regency, North Sumatra 22618, Indonesia",Sunrise Rampah,ChIJ2bNvJbRfLjARlMemd0vTcpY,4.6,"['tourist_attraction', 'point_of_interest', 'establishment']",5.0,"[{'height': 3175, 'html_attributions': ['<a href=""https://maps.google.com/maps/contrib/113786689735342048088"">Neyler Sinaga</a>'], 'photo_reference': 'AUGGfZlweRRWRGQ0iphS0CvfIbnf_WuAzWytUQHugyDwYK0weRPo7jjPxSVlW8aba1g0x9d5B5HbN47kzSfdSyGDCEyiZJb-zcaInPrjuyIfJ_bS6uiDpdilFHrHSLj0385VvD0cLCmbm7cSE2QPAMvRnVZ_DGbPdkOqbyWyYX6gSMhPGhLH', 'width': 2240}]",1.8331343,98.7888533
"WG9J+Q3, Maduma, Sorkam Barat, Central Tapanuli Regency, North Sumatra, Indonesia",Warung Sihombing Binasih,ChIJvS2lOEpTLjARKsaMfLbf_5A,5.0,"['tourist_attraction', 'point_of_interest', 'establishment']",2.0,"[{'height': 2250, 'html_attributions': ['<a href=""https://maps.google.com/maps/contrib/102264989668645010168"">Sonny Lee Hutagalung</a>'], 'photo_reference': 'AUGGfZm645i8p5146voNDs5bJ1Hm5IvkEYCwgF-mzY5vKwPf7WeP35aMz9-oe3O0ymPuXhdPSTslSX1hshSyzog4yraog-sWifdq-Lprp9XgSEQiFRf9-alOKpP0jIxRdcUAYPgEgm2g98JxfBmIj2Ev81vpSLCErZlR0M_VZZZWQpkHJDbJ', 'width': 4000}]",1.9193883,98.5301983
"2J94+GJJ, Unnamed Road, Sipakpahi, Kec. Pasaribu Tobing, Kabupaten Tapanuli Tengah, Sumatera Utara 22454, Indonesia",Air terjun Sitopu,ChIJn0M3gBFPLjARpHMYuAiJnz8,5.0,"['tourist_attraction', 'point_of_interest', 'establishment']",3.0,"[{'height': 3120, 'html_attributions': ['<a href=""https://maps.google.com/maps/contrib/107111083874422120145"">ahmad ramadhin</a>'], 'photo_reference': 'AUGGfZlP_y8HS_AARAZfhN3P5znG7fWVMAbifTswmE_o8_WtmiqOMEBlPkQ2xCG6JNSx3vlpfD-Ao-SdFP7NiYRmH4hs-91hE4z0RxmMli9Oo4uPoYogka_XiSjRoWoT6AQxawbBwv2OhZfXOGFE4yRLkNBpLxLhckzs17sQyLhcdPV35s9e', 'width': 4160}]",2.0188272,98.6065238
"XF8Q+4X, Barambang, Sosor Gadong, Central Tapanuli Regency, North Sumatra, Indonesia",Cappucin Beach,ChIJvaqunY1TLjARo4xvw0m9AiM,4.5,"['tourist_attraction', 'point_of_interest', 'establishment']",2.0,"[{'height': 3024, 'html_attributions': ['<a href=""https://maps.google.com/maps/contrib/109209196117038686969"">Yustinus Waruwu</a>'], 'photo_reference': 'AUGGfZkP4xw0HcwEeAumtCVYJXStdlCEwkldvkjSPryXf1BHbYiGRDV8gxuc6giQ87U1vafEdlLbBaCO_J1Q5qqTVlGhQy2y7vr-9kfRy_8wxFB0jhzK-1hD5m37fZaY1CBk_Kve97pFL6qE4OgR9cUwjc6VqDNHF_onLAUS6hT-yU637mRq', 'width': 4032}]",1.9653123,98.48999990000002
"PRJG+2CW, Sibuluan Nalambok, Sarudik, Central Tapanuli Regency, North Sumatra 22611, Indonesia",Air Terjun Sihobuk,ChIJ26IdVVfzLjARILcktRVISHc,4.1,"['tourist_attraction', 'point_of_interest', 'establishment']",301.0,"[{'height': 4160, 'html_attributions': ['<a href=""https://maps.google.com/maps/contrib/100164320451144433506"">Kalep Nababan</a>'], 'photo_reference': 'AUGGfZlX-zfEnQIT9fazqRQRBf8DC0H5MIclQZgWUE3fdPK_ZY248CPa6j4urnVrEGXk3r4uajkRwhMt4PFYHpIuWdb2z5oXCGIL3ZWicpE3xUlPNABOaeYsNiXe0k1u2DkPBCd4_uyBcnVZpRWSO4NcFtP3uDZKqIoNzFxJQfOTwjazGPKt', 'width': 3120}]",1.7301025,98.8260726
"VHQH+RV, Sorkam Kanan, Sorkam Barat, Central Tapanuli Regency, North Sumatra, Indonesia",Pasi Lawe,ChIJ3eI0p7tRLjARv538MW1Cpqc,5.0,"['tourist_attraction', 'point_of_interest', 'establishment']",1.0,,1.8895747,98.5797419
"MWPW+CCF, Sait Kalangan II, Tukka, Central Tapanuli Regency, North Sumatra 22611, Indonesia",Air Terjun Sipitu-pitu,ChIJbbkOidmPLjARQdmoVgF_qUI,4.8,"['tourist_attraction', 'point_of_interest', 'establishment']",23.0,"[{'height': 2448, 'html_attributions': ['<a href=""https://maps.google.com/maps/contrib/108571628449536696308"">Damai Mendrofa</a>'], 'photo_reference': 'AUGGfZlqowlgaovLhMgwx8v6qDfERGWuFZnl1_2Fa7-H3cIAP-J-1RW_jb04FgeRB-b93woOKximzTLPnB-gNRXvegyYcpG2tgi7Az4weMml_Gaa3TZIAl-ROe1y6tcZiFQkP3urFJ1j2Z-k-lXj9BJ2hwKCKFEgaamY3MvnGjdrJ_AIoSkQ', 'width': 3264}]",1.686052,98.9460505
"MQXP+R58, Pondok Batu, Sarudik, Central Tapanuli Regency, North Sumatra 22531, Indonesia",Pantai Labuan Mandailing,ChIJJedqMnnzLjARfThCYaQPfWE,5.0,"['tourist_attraction', 'point_of_interest', 'establishment']",1.0,"[{'height': 1080, 'html_attributions': ['<a href=""https://maps.google.com/maps/contrib/102971590836320413174"">A Google User</a>'], 'photo_reference': 'AUGGfZmMIUeMokLu6ArOsLnalejYiEWFr1ommS4RLbfr0DE3X9kRGAWULna6kDozLKOrzzvii5qEMXUEPl8VfDC6AyC8w_Yor90DxIdJsCW69pD7mKwtsAPiTLl8i8mL_m7cZKuXjRWrBZLqxTBtW3jTCl-IOCpXtce4PCihKuvvLMe75yn5', 'width': 1920}]",1.6995289,98.7854419
"HH8H+699, Tapian Nauli I, Tapian Nauli, Central Tapanuli Regency, North Sumatra 22618, Indonesia","Pulau Kalimantung, Tapanuli Tengah",ChIJbzxJFY3nLjARPee9hGiujfQ,4.7,"['tourist_attraction', 'point_of_interest', 'establishment']",48.0,"[{'height': 2160, 'html_attributions': ['<a href=""https://maps.google.com/maps/contrib/105418672765866577465"">Nugraha S U K</a>'], 'photo_reference': 'AUGGfZnApz9G31Jvqt9W9JKpbqi7LtAMlE7hOWNeo5tQDuwuJcPLmXA80dQA6uk08S0QfShP4fFiA6p1raTlKiGEucQwLuAQbO5rd7k5HgXYFjHxQFoPCX2iIlpRTlKHcTeuF-0yxmI9WhomdS5ox-DPsFq3hUjjyoxnORR0eJRrChzoVOj6', 'width': 2880}]",1.565539,98.578498
"Batu Leap, 22562, Simarpinggan, Kolang, Central Tapanuli Regency, North Sumatra 22563, Indonesia",Taman Wisata Dabuan Bodil,ChIJ0f4iCTxaLjAR87nyY0eQpco,4.3,"['tourist_attraction', 'point_of_interest', 'establishment']",35.0,"[{'height': 4000, 'html_attributions': ['<a href=""https://maps.google.com/maps/contrib/114312080520818349177"">Rafi Hutton Perdana Sihite</a>'], 'photo_reference': 'AUGGfZkH0A9xjrg0ERGha6zDCrtkEhhPBcd5gVNyvqvqGrtPJ0ySsLWtRRuC73rZU6QSI3eJq-8cgMcJZekm7kpBbg2_ymRf9tGSWPixM2mbLsNGOLperRNvvuNTWIoXYaqzflHOvLOakTx6PcLhJrSIaVYTtKTKSycIWfT1I68jVwVIiHkm', 'width': 3000}]",1.9017324,98.6872978
"Sibintang, Sosor Gadong, Central Tapanuli Regency, North Sumatra 22564, Indonesia",Pantai Barambang,ChIJmQGtdKGzLzARmyK7ziONoaI,4.6,"['tourist_attraction', 'point_of_interest', 'establishment']",32.0,"[{'height': 2080, 'html_attributions': ['<a href=""https://maps.google.com/maps/contrib/101968236229188188090"">Maciek Tomaszek</a>'], 'photo_reference': 'AUGGfZnhkL2Li6AL_e9kdggNC-CDXCBgjgdWQ55KOTxYia9xN87PhxWjq-d3Z8ojdnuXJHgss5k_60nHjOfJj175MeKREynQDsmrHf5SKpXejP0kckFLRvp12phAyftJ1NnQXmZNo2v69xxGYcNEDnznD0xiGjbU5NkL7UkHxxDP9PYuEFvr', 'width': 4624}]",1.9982036,98.447681
"XFHG+5J6, Barambang, Sosor Gadong, Central Tapanuli Regency, North Sumatra 22564, Indonesia",Pantai Pal 7,ChIJkVwOjcRSLjARdEasWAPFfic,4.4,"['tourist_attraction', 'point_of_interest', 'establishment']",46.0,"[{'height': 3120, 'html_attributions': ['<a href=""https://maps.google.com/maps/contrib/112255612146720594951"">Rosalin Manalu</a>'], 'photo_reference': 'AUGGfZkSUG7whhZZA2_q44pIYDuHytBWVzDE5YYgpwGphKmIGdzHG6TRRWGPthppK1XxVip63iDXyilaqEREv7vTu34eAxvQ1rwtq-KdrfFdTPNWOnFrTBKgl8Yx8qlY3ViMR6Hp7yKOsnujxjyKKXpxUXY2f1jhQqnas4gmvCEWUc5lP4Gx', 'width': 4160}]",1.9779025,98.4765154
"XF5W+C2G, Sosor Gadong, Central Tapanuli Regency, North Sumatra 22564, Indonesia",Pantai Pal 7 Kabupaten Tapanuli Tengah,ChIJbdjIh69SLjAR7f3cpeMmNwc,4.3,"['tourist_attraction', 'point_of_interest', 'establishment']",14.0,"[{'height': 1920, 'html_attributions': ['<a href=""https://maps.google.com/maps/contrib/112876103999477961227"">SATRIA ARAFAT</a>'], 'photo_reference': 'AUGGfZlwizMdl6Dbo6blUeskTPTleQ6gzYpwRwVmfS06bYdJxt2z0051GQE0pM9vN0wcVBYo23Bhm6DdbSBqX8MX7ts1TLVkNcX-__2iWaqGOtxaL9B2zgdDAPgOEVFUiPV34app2IOpaHnN1UHrA4rgMrYUD-ZfEMwFvbjHJZqiWPkNP2Jl', 'width': 1080}]",1.958552,98.4950837
"34XG+5MC, Siabal Abal III, Sipahutar, North Tapanuli Regency, North Sumatra 22471, Indonesia",Dolok Siboji Boji,ChIJTd579_N1LjARMDfrv-ZpPAU,4.5,"['tourist_attraction', 'point_of_interest', 'establishment']",26.0,"[{'height': 2795, 'html_attributions': ['<a href=""https://maps.google.com/maps/contrib/114648199249379104599"">A Google User</a>'], 'photo_reference': 'AUGGfZmYeyslLM86EkKolXp73MNxucaCEluqhHNbN2cIx8niilG54cwG4quh8O_Mpbcn4S-9AHdMPirXsIKyL_8ldPzdkjdZue0VGBWf7oT4-a_rufO7bxtlyjNfpbcSBGQmzEPA8sGkxJ1f87XlYvksAFDulpTqrC10xh-he7F6hMRYWwfg', 'width': 3764}]",2.0979435,99.126654
"VHQ4+M7V, Binasi, Sorkam Barat, Central Tapanuli Regency, North Sumatra 22563, Indonesia",Lembaga Konservasi Penyu Tapteng,ChIJf5qZCtxTLjAR1SWmn7TpIvM,4.9,"['tourist_attraction', 'point_of_interest', 'establishment']",14.0,"[{'height': 960, 'html_attributions': ['<a href=""https://maps.google.com/maps/contrib/105446323998427108614"">Maecenas adhara donnya</a>'], 'photo_reference': 'AUGGfZns1nr2BpMt_DPSIOiV5D9H92rEZf5rPtp_a5ubGr6-s6rm69znkEM9wmSp_Rpt-8jmE2wDoh2jMSoRAHg86xQPtu9k_96JW_5Id6se9md_CGxiBHR3BBs7-oMJZQM4zhO9UFyZlMF06NUbSE3Z2jkHAvSr-xXNlHPcMpdSHYyMR1ee', 'width': 1280}]",1.8892277,98.5556778
"RR43+8XM, Unnamed Road, Rampa, Kec. Sitahuis, Kabupaten Tapanuli Tengah, Sumatera Utara 22618, Indonesia",Aek Martolu,ChIJ2yPwAYL1LjARf1HnDPVAIig,4.6,"['tourist_attraction', 'point_of_interest', 'establishment']",25.0,"[{'height': 2560, 'html_attributions': ['<a href=""https://maps.google.com/maps/contrib/103308983054898944996"">A Google User</a>'], 'photo_reference': 'AUGGfZkiyLTQWN4D0XOWjnltYmh4Mu-9fb7s1cNslA2qB333oCdSsMhILOzY-CyVvw-aODmOMKEc4_GERCdJHLF-_Q4zTmC776KzGZQz6G98jYPQtHQGQB0WfAaJ7H9h18BJSKOUPQOlOopyBHxbVC9tZKUxWc7EfPZK0oKLtGuFfRqLqaH1', 'width': 1920}]",1.8058328,98.8049147
"Situmeang Hasundutan, Sipoholon, North Tapanuli Regency, North Sumatra 22452, Indonesia",Lokasi Wisata Pemandian Air Panas Sipoholon,ChIJByqgK2dsLjARQE3DAwcLYh0,4.2,"['tourist_attraction', 'point_of_interest', 'establishment']",1623.0,"[{'height': 3024, 'html_attributions': ['<a href=""https://maps.google.com/maps/contrib/112114266150149567791"">rima</a>'], 'photo_reference': 'AUGGfZlMddmC-v0fysUO75uhWzjaEYmCkBbkSdueyWyFYHmJpLSnHNnVo3zK2BYJpXto1PTR2Utk3tPu3TIyY6DGqkWM-Xm3pP1OoHHTgwnWYiR_jAKCEt7i0TCavQgyD326hJwy3qbdAYg861y1immnzqETByjxVvNypU-8F10p7dqW3rNk', 'width': 4032}]",2.0751659,98.944113
"Pantai Bosur, Kalangan, Kec. Pandan, Kabupaten Tapanuli Tengah, Sumatera Utara 22615, Indonesia",Bosur Beach,ChIJL2YjP1vzLjARXeZuTC8yqfo,5.0,"['tourist_attraction', 'point_of_interest', 'establishment']",3.0,"[{'height': 1836, 'html_attributions': ['<a href=""https://maps.google.com/maps/contrib/117347287887589900127"">A Google User</a>'], 'photo_reference': 'AUGGfZnL_acJneskx_uejvIVX7NKSTbXGeRDIHxqEXibsZfuk_EGTVD8tvV8V3RqorzzC6dowArcvXIqtGZ2Z72hADZjB6ii-QRKk1nuy7gUnskXfLz8ZrGcIx9e3ceqfeXeClOjYUfNl4uPfQF3_rTi2BIOaRrf6n1H3xc8UdBzZhnnJMJh', 'width': 3264}]",1.6741368,98.8275998
"MR7F+CXQ, KALANGAN INDAH,Pandan, Tapanuli Tengah, Sumatera Utara, Hajoran, Kec. Pandan, Kabupaten Tapanuli Tengah, Sumatera Utara 22615, Indonesia",PANTAI KALANGAN INDAH,ChIJEaRHma_yLjARLlkVPWqRXgc,4.2,"['tourist_attraction', 'point_of_interest', 'establishment']",476.0,"[{'height': 2340, 'html_attributions': ['<a href=""https://maps.google.com/maps/contrib/113426136738927475089"">ra&#39;uf Hs</a>'], 'photo_reference': 'AUGGfZmOs2zbddcNCrWgdeGWOHYkzbWzQhH-Rt95MClS79zQ63mmSnFSArIJUlThpL7Tg2YLCueZ-wW2BgWTlldpY1fSA6Wa9WHfaH-V4_neSL0524kEh_cty4WGa9nQtwa243P0jpr0mLH7jgk6Ln7qzPDXJZr9GCz8tqX4muzHdONy_dSf', 'width': 4160}]",1.6635991,98.824992
"G5MC+C3F, Maju Mambe, Marancar, South Tapanuli Regency, North Sumatra 22742, Indonesia",Air Terjun Silima-lima,ChIJR4zzjcyfLjARsqLUn_3wUzk,4.4,"['tourist_attraction', 'point_of_interest', 'establishment']",369.0,"[{'height': 4072, 'html_attributions': ['<a href=""https://maps.google.com/maps/contrib/116054154007788819292"">A Google User</a>'], 'photo_reference': 'AUGGfZmWgFbb6z1azkdsvoSOiN2YZzpilAn5PMpvMkYcg0rHOis9HEQVFmsILzEYWu09idMhjmGpNAWUl5tV6zXRM58Kjs0-n38YUXNBhxFVUjyrfKDLq9XkKjjyX6lEGBiZHq7t-fK7bbSmPkcX-6ccCxeUT5du-wPznq_DUkd5ZfpqsMAb', 'width': 3944}]",1.533572,99.1701779
"Paran Dolok, Sipirok, South Tapanuli Regency, North Sumatra 22742, Indonesia",Aek Milas Padang Bujur,ChIJt-9bAmQnLDAR0yz7FCG59wE,4.6,"['tourist_attraction', 'spa', 'point_of_interest', 'establishment']",185.0,"[{'height': 576, 'html_attributions': ['<a href=""https://maps.google.com/maps/contrib/102004949295920957832"">A Google User</a>'], 'photo_reference': 'AUGGfZnixFSnkBxoLQLRW2aIB-y400K3T1rx4ypE9ouWoyEou6VP_NSjngebbObQ7Q9ZXzDCvEFtWFa5SEEey019sjXGhfLNuE7HyhA1lm0o0hw2BZC2bEO7qRWQU8QlyLBLa8Drn_XQfZ-0b-0BPY2aUkyUf7S5EUWMfNnKv3g94ZvUVHht', 'width': 1024}]",1.5887096,99.2768754
"Barambang, Sosor Gadong, Central Tapanuli Regency, North Sumatra 22564, Indonesia",Pantai Kualo Indah Barangbang Tapteng,ChIJDUIg7nqzLzARTrrPBWTKvOg,4.6,"['tourist_attraction', 'point_of_interest', 'establishment']",15.0,"[{'height': 1152, 'html_attributions': ['<a href=""https://maps.google.com/maps/contrib/108676908669122132341"">Fandi Presly Simamora</a>'], 'photo_reference': 'AUGGfZkPmfSjjqhZrOKYI3WQNFUB1oGqQ10xFcFmKi1FiWutZSDtSXY7Ph9lLLlnM5rEx0v5gutoAhrYcvQfCLzg-hT_VdIp4mkB0pzJLnXPqhjocUpav0yF0nQ90Dax1Gvux5McPKLPC11IYEJQ7kNM1HwZdzR6Jo32UvlkcApWJLkETTtd', 'width': 864}]",1.9976491,98.449007
"MRM9+4W6, Jl. Sisingamangaraja Jl. Padang Sidempuan, Kec. Pandan, Kabupaten Tapanuli Tengah, Sumatera Utara 22616, Indonesia",Penginapan pantai indah pandan kabupaten tapanuli tengah,ChIJW2XNfcTyLjARG2VOMX3T8aQ,4.2,"['tourist_attraction', 'point_of_interest', 'establishment']",2791.0,"[{'height': 2304, 'html_attributions': ['<a href=""https://maps.google.com/maps/contrib/102673354433544966393"">Fheatur 0131</a>'], 'photo_reference': 'AUGGfZlfMtitKaU03tczQHO376ptFoX6Um9-44PJjzZHPHgKuv--MlDxrlYUtguRByHMENDeHDz_kdbSS01Fb4UXdn9dpO7b_vu93dALGFZImiOSPDCV41PgYimx0dyd8usiVFnRuxbuTjvI3sLnB6xKZ0Wv8RdSWUQ7olxOyAScNhc_baXP', 'width': 4096}]",1.6827982,98.8197554
"WGR6+F4, Sosor Gadong, Central Tapanuli Regency, North Sumatra, Indonesia",Wisata pantai Talawa,ChIJc3cMpvhTLjAR-Qt5SvMt-l0,5.0,"['tourist_attraction', 'point_of_interest', 'establishment']",2.0,"[{'height': 1600, 'html_attributions': ['<a href=""https://maps.google.com/maps/contrib/109901340952752642316"">A Google User</a>'], 'photo_reference': 'AUGGfZniw1jiueSX0yA2f6hxlZDAAO16f06fmd0BnISfD2zUhlmQGVabaBIGGnhxRI7qFjAmczj62JOKWb3--s3sVTQ1olxQe8ZAPooYOXa4c-gV8yJyRT4N-C3xXbYN1fcpknZ9hr8UYJja2BZAACzNpvA597ZJl7H5fryZrUQEiAeH_KbW', 'width': 720}]",1.9411875,98.5103125
"PV2V+CW4, Hutanabolon, Tukka, Central Tapanuli Regency, North Sumatra 22611, Indonesia",Air terjun saili,ChIJzRVWhiyNLjARBv039EtX8KQ,4.4,"['tourist_attraction', 'point_of_interest', 'establishment']",21.0,"[{'height': 1040, 'html_attributions': ['<a href=""https://maps.google.com/maps/contrib/100598094693851072098"">Cheriska Sitorus</a>'], 'photo_reference': 'AUGGfZlnAjgmJ_pdOo-xC3SLt1H2t4EUpNUiU00m-IkAtIYQlvmmZqrP-YcYDx7peDKiZRlDs1N6RO13JdDxfVh3tgqzhWZaRbKlmryp2o-cD4wVTDOrEHlXCaO7fxYKXbWTb7KSR4D7iTDxCS_dCIAW9BgNLQkBL8KTtd1EAVeWCVDxcyru', 'width': 780}]",1.7010052,98.8948133
"MVQR+VGV, Hutanabolon, Tukka, Central Tapanuli Regency, North Sumatra, Indonesia",Pondok bambu,ChIJT_6-29aNLjARhh19ynbW9q8,4.5,"['tourist_attraction', 'point_of_interest', 'establishment']",2.0,"[{'height': 4000, 'html_attributions': ['<a href=""https://maps.google.com/maps/contrib/105441809541544762790"">A Google User</a>'], 'photo_reference': 'AUGGfZk3IpjGf-mRJGD7qlzfipFWtjx4AtOq2Jgq-vTmT8grsKa1TZ69t_MDJ0evDVj_YM4IiOwGlwq6n_KEUk3Zg8abvtRMIXfaky3CRna1rWBV08DrYsWDShXbzK40uXY3kIvIJEC7HrY3sHZ5kEKEzlhBlTZwVUqB9y4Ze38lhtBujNpC', 'width': 1844}]",1.6897465,98.8913096
"XJ82+VQ, Makmur, Pasaribu Tobing, Central Tapanuli Regency, North Sumatra 22563, Indonesia",Parlabian,ChIJfUay6Q1PLjAR3e4j9u0Fq50,4.7,"['tourist_attraction', 'point_of_interest', 'establishment']",6.0,"[{'height': 720, 'html_attributions': ['<a href=""https://maps.google.com/maps/contrib/111279296638046374500"">Victor Habeahan</a>'], 'photo_reference': 'AUGGfZmR66lx12KwVgeo1ml0IJS-OvC7kdCxFHhGOckrX5OOiMWthsAUkYlP2Zc1xBbREyQot0_efvKapYyEwnjmBGizdjt24FNgqw1N_iPzJldjrs9QghRzWEf19G_fFlXRB3S2WztGqkOelDewUB_oKSIbitXanED7P64XvPjbz5sy8m9N', 'width': 720}]",1.9687611,98.5983004
"MR2M+CW8, Hajoran, Pandan, Central Tapanuli Regency, North Sumatra, Indonesia",Dermaga pemancing,ChIJHezlSaDtLjARL8U2vg9WGzg,5.0,"['tourist_attraction', 'point_of_interest', 'establishment']",4.0,"[{'height': 3120, 'html_attributions': ['<a href=""https://maps.google.com/maps/contrib/103379096401037020333"">alamanda pasaribu</a>'], 'photo_reference': 'AUGGfZns0O4dOHICi0WBtnrl_4y7cu82DbwCQ0nKsIlhPN1BvB1dV1G-0h-1B39XlSQr-CgU17uzdVZL8QpQqKigR2HPtiJRsJntNURIyDFPEinZIOr23evZlIvBInln6TQt10p0dhG1xHCgBEfzNkYtEcPLv3cUVXf_1EtSiPnJgFFqf7TB', 'width': 4160}]",1.6510463,98.8348337
"VQ5Q+P3J, Hudopa Nauli, Kolang, Central Tapanuli Regency, North Sumatra 22461, Indonesia",Air Terjun Situhuk,ChIJvapFRaZfLjARWOynVmGMOSM,5.0,"['tourist_attraction', 'point_of_interest', 'establishment']",1.0,"[{'height': 4608, 'html_attributions': ['<a href=""https://maps.google.com/maps/contrib/104466254410675561336"">khairul adha</a>'], 'photo_reference': 'AUGGfZnLFb1PpPQwR3NlnZw_VhWDgkRNEwe3pIRzxCXlR7yJksW-pRERN3vgouW-nwVcLWTXzlH3ttctYYi1P0LsA5QOltE133D2F2KRHWXv6cujTNezbYK6JEZGvJivlZHAdJZEUCu8PsgIrPnXvFUDyL_-0mQ90KrLb87XgydKLaFePCJ4', 'width': 3456}]",1.8593443,98.7876496
"PV44+JQ8, Jl. Abd. Rajab Simatupang, Sibuluan Nauli, Kec. Pandan, Kabupaten Tapanuli Tengah, Sumatera Utara 22616, Indonesia",Kolam Renang Air Alami,ChIJQ4Fh7dSNLjARz9Kors91dus,4.4,"['tourist_attraction', 'point_of_interest', 'establishment']",10.0,"[{'height': 4160, 'html_attributions': ['<a href=""https://maps.google.com/maps/contrib/106420556192697066121"">A Google User</a>'], 'photo_reference': 'AUGGfZmUc2EhstlF2xlHiY_-YdLEf5vzj-t_567ESUC6CPcsYJgMyLJ3nKcw8FO34PtBdh3BGCV_TvoHj6aLBn8_OHBZ00IWDNjmjV8-bKwAFFNTYnXHhVGoONnD-2VcK3wipBoq5mNNsKBtKmOMNGv_ydslvzAa1DVwIOnmLUwtyrwav12c', 'width': 1968}]",1.7065257,98.8569482
"QR38+57F, Sarudik, Central Tapanuli Regency, North Sumatra 22611, Indonesia",Air terjun Holong,ChIJNWVHrPT1LjARApyGmv5KQjA,5.0,"['tourist_attraction', 'point_of_interest', 'establishment']",2.0,"[{'height': 4096, 'html_attributions': ['<a href=""https://maps.google.com/maps/contrib/100949388462025186587"">Erick Tulus</a>'], 'photo_reference': 'AUGGfZmBhbFkYlHuCP9G9Q_0CWrbnyvy0kv_zrmUv6uzOvMhk6c1rzt00wP8Q7sMjViEQwEzYHMuGidcg4l1VYmiYcQlcG0ThBrm8H25lB0R_2_O6AMYs0guL8g0NK756yUCkOWkmH13x2uAR6N3LX_kDFj5DojmuToM1hso5oLZt5dl8AN_', 'width': 3072}]",1.7529376,98.8156834
"29FV+2GJ, Ujung Batu, desa sarudik, Central Tapanuli Regency, North Sumatra 22564, Indonesia",Pantai pandaratan,ChIJKddnUNaxLzARqifx7tKUwmI,5.0,"['tourist_attraction', 'point_of_interest', 'establishment']",1.0,"[{'height': 867, 'html_attributions': ['<a href=""https://maps.google.com/maps/contrib/116132516618398747324"">A Google User</a>'], 'photo_reference': 'AUGGfZnWoKNrYxTPJFtmgJWb5fnb3Da9BkdWknWW7PD0hvln6sS23LdGLQQF173vnDZNuOgJuBr9-Jp-kIYIPBkR6_fTgUj-H3HBm3jIO0u_6dTDiald3AO0LpVGQb-Sjc7V0I_TcibODd9WFXhJpEBydeU6ewzYCqOUan6kmQ4toH1GkeIc', 'width': 867}]",2.0225836,98.3937532
"2C9G+4Q, Bukit Patupangan, Barus, Central Tapanuli Regency, North Sumatra, Indonesia",Bukit Patupangan,ChIJAWr0zRazLzARcQyxY9_k4J4,4.0,"['tourist_attraction', 'point_of_interest', 'establishment']",4.0,"[{'height': 1920, 'html_attributions': ['<a href=""https://maps.google.com/maps/contrib/112384350639309353525"">A Google User</a>'], 'photo_reference': 'AUGGfZloKEicCXad6haXD4sHZ2JBjXqSbaUzJBGhn3m9ut9qcpIJ5_psFGq4Sms0AmoNyYByvW3pX8go5YBBVJB1NuDCn7qXxhT4q6qUDLL0CKd6V1AWwxySAxJuOAkhUV6VszHTHKBGdhYpNONoJisjAAfzZpLvrf20JB8uNDSPe9OIEzd8', 'width': 1080}]",2.0178783,98.4269025
"QQRC+H43, Unnamed Road, Tapian Nauli IV, Kec. Tapian Nauli, Kabupaten Tapanuli Tengah, Sumatera Utara 22618, Indonesia",Bair Falls,ChIJ-YQqU4v1LjARnlym08bWV-s,4.4,"['tourist_attraction', 'point_of_interest', 'establishment']",36.0,"[{'height': 4928, 'html_attributions': ['<a href=""https://maps.google.com/maps/contrib/110127803865635610925"">EZRA ERIKS</a>'], 'photo_reference': 'AUGGfZki2rfd7tt-AqJjJvBVm5nFuXUBmOkbOJU1BRlqLlABk7UuIPM_ZXf70RH3iuLm8cjOBOJA1cuTLpWO4WC3vFOKU9XHvLWs1tPZCKZN6ItRy1ZMeqWdmx7Zoywx00n9Yh2zsS0_LZ-ydhPHYEnCjmAFX53XAENMrZC-qt8hvbXD2Eqe', 'width': 3264}]",1.7913799,98.7703009
"QQ9G+5XV, Mela I, Tapian Nauli, Central Tapanuli Regency, North Sumatra 22618, Indonesia",Air Terjun Golkar Mela 1,ChIJ48GbWfX1LjAR_83gQ375adM,4.3,"['tourist_attraction', 'point_of_interest', 'establishment']",3.0,"[{'height': 963, 'html_attributions': ['<a href=""https://maps.google.com/maps/contrib/106767661027565857998"">A Google User</a>'], 'photo_reference': 'AUGGfZnBKq2N6DVaq3bW37pLcZ-lHj1XUci6kzFaDobFG83A3x3JIAKHvQO41d2vt4S5lzkINtBRRLQAtxgzlalJV-HuX-0Ln3JIaZUU88WWVByVSEXqvF2PQwTBLHwP1b-Cil4bfYLVtXe6-vsghYCtXV45dJtv5g8lTkDrTAGfAUARbqB6', 'width': 1280}]",1.7679891,98.7774093
"MFR2+MJ, Tapian Nauli I, Central Tapanuli Regency, North Sumatra, Indonesia",Mursala Waterfall,ChIJW8uhbzEDLzARsbrci8p_l-I,4.8,"['tourist_attraction', 'point_of_interest', 'establishment']",46.0,"[{'height': 4080, 'html_attributions': ['<a href=""https://maps.google.com/maps/contrib/111513197216961646714"">FX Octavianus</a>'], 'photo_reference': 'AUGGfZkoteWm6FzyKUQ5Ixl7FwKNGi6Wr8b4vu2AxyxGBI1zWF7xwlUuSPCcujNETN_lH9i4-n6bUJzBiuzljq8MMbu6LojACExVK9pxs4lmk4K52OC8JoeH_DLI5PXf-R5n5lT89oFo26t8LsqHPifJie35EXR5CD_h-klohnVgIb23X8dv', 'width': 2296}]",1.6917362,98.4516138
"JV6C+JCM, Kebun Pisang, Badiri, Central Tapanuli Regency, North Sumatra 22617, Indonesia",Badiri Lopian Dam,ChIJT_u4yKiTLjARy8rfPhSwBoc,4.8,"['tourist_attraction', 'point_of_interest', 'establishment']",13.0,"[{'height': 3000, 'html_attributions': ['<a href=""https://maps.google.com/maps/contrib/105184516978635898866"">Evalinda Margaretha</a>'], 'photo_reference': 'AUGGfZn6rVBPISYLhc8pUVZLPCr5UfgfMlfgwa4-qLXzHK74ULMFKjUJ66VVjRd7pqDDJIMQcr7YDq7WxbelsiSdKDnDvjg3ZxWMn5N0ajIq3S5JLB-C-HKnnbrCn0bFrMCeeyrljNT-OxiHY6ur5M7efRuZRmVWYtNhZZuhKrPTjug_8kVw', 'width': 4000}]",1.6115805,98.8710446
"VRXR+F4J, Pahieme I, Sorkam Bar., Kabupaten Tapanuli Tengah, Sumatera Utara 22563, Indonesia",Panatapan Lobunahot,ChIJJTLz255nLjARlHDNmHhQzSU,5.0,"['tourist_attraction', 'point_of_interest', 'establishment']",3.0,"[{'height': 4160, 'html_attributions': ['<a href=""https://maps.google.com/maps/contrib/110615562397072701169"">Pirhot Tobing</a>'], 'photo_reference': 'AUGGfZnPHvmBAFy5C_6ecwI0QhA8Ja-sUAjHUd2DWJzgBXzv_tMx2Vwgz5asN0dfiP8909JB9QYGbWCLjteq1GeakXSwbJwOCcDKTD8YnljPr8RSCid2YIJRSflep9yoCAlOAwTI_eoM_QD-uzXtjyXnWG2WiHGnwzloDoxaLXXZ_COWG5iY', 'width': 3120}]",1.8987026,98.8402682
"HHVM+WFF, Tapian Nauli I, Tapian Nauli, Central Tapanuli Regency, North Sumatra 22618, Indonesia",Pantai Pulau Sitaban Barat,ChIJceJp-BHkLjARsYVLWPSJj4o,4.2,"['tourist_attraction', 'point_of_interest', 'establishment']",11.0,"[{'height': 3120, 'html_attributions': ['<a href=""https://maps.google.com/maps/contrib/102832527225517586379"">olan zul</a>'], 'photo_reference': 'AUGGfZmFBtUB3tWO-1dSAWmoToDbSHlthsgcq4gWEzVTYSZjbsXj4bUI7zge3XtB2fqNBrwxEVksQNaao7fWLEyHPDiSEfHxdD105zR85PK6Qr8NjY_rJ-UW095FjU6TCHQiWrTfJ010VCPWocSyjUqKhQx4J5bF4euiOHcp1jsjqXtNsmXG', 'width': 4160}]",1.5948168,98.5836667
"PRRQ+64H, Sipan, Sarudik, Central Tapanuli Regency, North Sumatra 22611, Indonesia",Kolam pemandian batu godang,ChIJ5R6HIrOLLjARN6ZEMfqZyQE,4.2,"['tourist_attraction', 'point_of_interest', 'establishment']",5.0,"[{'height': 3120, 'html_attributions': ['<a href=""https://maps.google.com/maps/contrib/100809796897282757462"">A Google User</a>'], 'photo_reference': 'AUGGfZlqhYANj8bChyEWnb3M8_8umTVwNLvNpgu5MYeHtsa3dsQP_rfRLAHGs2Y3MtTGZc0EkEDad6UrUuVAigAdPHgh19cNv8BxtfoHoDAmgcLUCBWcHALWvoojkal1fWZAexTWbKUVq6KTxzJzeiXkg7iIsI0IIRg5CFdJ7IycxuzxEIsu', 'width': 4160}]",1.7405539,98.8378589
"QM68+H2, Tapian Nauli I, Tapian Nauli, Central Tapanuli Regency, North Sumatra, Indonesia",Muaro Bandang,ChIJQajsnqz3LjARdwOcE87mmS8,4.0,"['tourist_attraction', 'point_of_interest', 'establishment']",1.0,"[{'height': 4032, 'html_attributions': ['<a href=""https://maps.google.com/maps/contrib/117435852570548062385"">Sadat Spi</a>'], 'photo_reference': 'AUGGfZmzmfQAsNAElBsI0Ln18N6I8oq0cWTiWqj_DeA5SzmkHcEI4VU8WISNV4DZNvsQ46ZWeChjTKxqoyLa47yvI7L-cF2Tcb-_u2z9HqkQE7Hu5yAI1-xMYRY2rZ_LTjO8ZFRhG8G-GlSRal7K5Ps1utKfvU6Ms8-r2uM6KOGqgFiCmL9m', 'width': 2268}]",1.7614617,98.6650918
"RRJ2+RV9, Nauli, Sitahuis, Central Tapanuli Regency, North Sumatra 22618, Indonesia",Air terjun panggabean,ChIJQ6fQsZ5fLjARvJPGTH2ZDD4,4.9,"['tourist_attraction', 'point_of_interest', 'establishment']",7.0,"[{'height': 4032, 'html_attributions': ['<a href=""https://maps.google.com/maps/contrib/112163618159486034740"">rafiqa sari</a>'], 'photo_reference': 'AUGGfZkeYUPazT78A4gD5-Y0gCZv2RXV3cj-nYUhGQfZXUuLpNred--Oe8inVjKTpW9vir-zUKdUsWSU55TiWZCGlkqpvREZIB7PZcW3_08zUs--jm7gXQubeny4YL0pEbC8Ux-R6d0igNU5i1HFbAOVvv7NRaHGB23CRTCSLnCRxobq90vU', 'width': 2268}]",1.8320328,98.8022311
"VP85+M7P, Sipakpahi Aek Lobu, Kolang, Central Tapanuli Regency, North Sumatra 22562, Indonesia",Air terjun Pare,ChIJWQL7K1dZLjARkXRpDVbsHWU,5.0,"['tourist_attraction', 'point_of_interest', 'establishment']",2.0,"[{'height': 3264, 'html_attributions': ['<a href=""https://maps.google.com/maps/contrib/100949388462025186587"">Erick Tulus</a>'], 'photo_reference': 'AUGGfZlkXUdoN5UbDPXHylbb8v2e1Ge71jLdCHCDTP0Mxxy2mjOmzmg4wQr5yEp3_cYI8WMKW53el9RGLO6gWS2wVTLerf4r1RkMWesYHT562V-YXSOM1H1pSTO-_Vn5y-VgZBKrGj7QtQ3OAigQ4c4LAG62bljWhVv4YiAzpyXoE7jKbKgI', 'width': 2448}]",1.8667118,98.7082157
"MRJF+972, Pandan, Central Tapanuli Regency, North Sumatra, Indonesia",Alun alun pandan,ChIJV-iBVQDzLjAR15vFYo9TlyA,5.0,"['tourist_attraction', 'point_of_interest', 'establishment']",1.0,,1.6808883,98.8231526
"2C72+JR9, Padang Masiang, Barus, Central Tapanuli Regency, North Sumatra, Indonesia",Makam Syeh Mahmud,ChIJjYZ6kQKzLzARG93Fg2MOPbs,5.0,"['tourist_attraction', 'point_of_interest', 'establishment']",2.0,"[{'height': 3468, 'html_attributions': ['<a href=""https://maps.google.com/maps/contrib/115596603654977027175"">A Google User</a>'], 'photo_reference': 'AUGGfZl5twNFQHvtWfjzZZA0n-QrXYiyFwm_FtOzlTo5IQnz7Y0OUuN72eGKYaqdu2yguYZkLkPvDNI5SPfGo7l4uisiK9_50PfgAL9iMwRYtgkkbMSVK_b7ZhzsbQaEmGxln15DwObFXc3Nd0hqvJXuQKcbe8mvaJW3nL9_Oh1uL23UgOQ', 'width': 4624}]",2.014033,98.402122
"PRGX+H29, Jl. Terminal Baru, Sibuluan Nauli, Kec. Pandan, Kabupaten Tapanuli Tengah, Sumatera Utara, Indonesia",Air terjun mini,ChIJkbzONqKNLjAR8NfezjMsAb8,4.0,"['tourist_attraction', 'point_of_interest', 'establishment']",2.0,"[{'height': 1836, 'html_attributions': ['<a href=""https://maps.google.com/maps/contrib/116542741666822316079"">A Google User</a>'], 'photo_reference': 'AUGGfZk74kAwLF4mWmJ6ImYVCBy0kSl-0nA037e0UmXSrPTyDTotwg_WGWmmQ0GriD5RmX1CC71LvtTvX63Pka-HsPB8rV3ke9nzzOzgEOtAANJ2wPVXvgPYbe_BYAkcNVHIwKOZ87TGR-zr303lLfVgSg-2RxZPnbOPbuBvCQXmj_duuoA6', 'width': 4080}]",1.7264201,98.8476218
"MCPX+CQ, Tapian Nauli I, Central Tapanuli Regency, North Sumatra, Indonesia",Blue Spot Mursala,ChIJKbvajz8DLzARkRjA3cgZd4k,4.8,"['tourist_attraction', 'point_of_interest', 'establishment']",23.0,"[{'height': 4032, 'html_attributions': ['<a href=""https://maps.google.com/maps/contrib/116105620409844644675"">A Google User</a>'], 'photo_reference': 'AUGGfZlpGV0i9htCrJQ_o-OB7TL7VVkwxoCs6sevvTH2ISie5Sd-2nJz0jr5JMGJZ7iqndLzlL8EQp8ft4DlujQNYePYdYfUU5p4i_lad4_KZpXYafXaJHBs_1gB9z3K2NCe3t-dK7Wf30gmqMYeVIT3Pwboy5L4Mw3VteyQ6epnSiaRuOuC', 'width': 3024}]",1.6860286,98.4493912
"JHWX+GCH, Tapian Nauli I, Tapian Nauli, Central Tapanuli Regency, North Sumatra 22618, Indonesia",Pantai Pulau Putri,ChIJQzOQbMbkLjARHoWA0bG8vdw,4.5,"['tourist_attraction', 'point_of_interest', 'establishment']",42.0,"[{'height': 1536, 'html_attributions': ['<a href=""https://maps.google.com/maps/contrib/110610889333356763964"">simon boyke</a>'], 'photo_reference': 'AUGGfZlLsRMcT6L_Fqby2WEq_eKrNeyP_en-00hGgU_WpcEFN1I02c1sbLv832WbXLNxFbh0ssTYleOBp-0AwIZMiXOevLB78GBg1LOqMhxdQ-D0JRTWVq9rSqzXeWsLvHgZ14dv4HhgBAhpc7_aSy2DwCyL0zX-0MAv4fpR9aDsU7CGoenG', 'width': 2048}]",1.6463229,98.5986001
"Jl. Sibolga - Tarutung No.45, Bonandolok, Kec. Sitahuis, Kabupaten Tapanuli Tengah, Sumatera Utara 22618, Indonesia",Puncak GM Panggabean,ChIJW2rS7KX1LjAR32aim_CM-pk,4.2,"['tourist_attraction', 'point_of_interest', 'establishment']",16.0,"[{'height': 3780, 'html_attributions': ['<a href=""https://maps.google.com/maps/contrib/112702243006697381164"">Mimi Hung</a>'], 'photo_reference': 'AUGGfZnRieY0yYXDi0wk1rw0KIFWj2bb5FFrPhXfMZvpfnS22oEJzeNexfV2oeDo-MFqHsakuZSQp-o4bgLs5iv2gMxgx9ondGcFME64mP8mKGvsuZQQhZBkkGTMagMY7Hgt8zIq3MB8iMKwVQlV09_iI356Q9hcxN6HXI1UVb9VpHsiqr-2', 'width': 3024}]",1.765901,98.8003536
"Mela I, Tapian Nauli, Central Tapanuli Regency, North Sumatra 22618, Indonesia",Bukit Panomboman Mela Sibolga,ChIJWW9ABAj1LjARpmG6lBNzRrM,4.8,"['tourist_attraction', 'point_of_interest', 'establishment']",26.0,"[{'height': 4624, 'html_attributions': ['<a href=""https://maps.google.com/maps/contrib/116877819346717415334"">dedi setiawan</a>'], 'photo_reference': 'AUGGfZkHeGB8nzqSoZSUB8lZVI4v-4TcMQjNR4d9BmMuojIIUy5-nbsMdimttXQHmH04tO4QW4t5h-wb4Z4k3WGfr9aeEdYa3Z4A7zl1QZYRmJoGPUjmyHEyhQLRxGvkxGpm9p9A9cqxEyzZazX4m7q1R_Mg5f6NiX3DmwEr8yA0wQ8tVoBY', 'width': 2608}]",1.7571859,98.7717777
"MWQM+3WM, Sait Kalangan II, Tukka, Central Tapanuli Regency, North Sumatra 22611, Indonesia",Desa S.Kalangan II,ChIJxfsS0OyPLjARExZ98BzMBtg,4.6,"['tourist_attraction', 'point_of_interest', 'establishment']",8.0,"[{'height': 4096, 'html_attributions': ['<a href=""https://maps.google.com/maps/contrib/112478201590386517691"">A Google User</a>'], 'photo_reference': 'AUGGfZmGFPO_-aLT20GvZ5ne6jfJksYHPaDOK0GhTUYR84Oz8zC2b9_CX5RGWK4nL2roQshvCjrbIozacbTbotLBk5MeqWvicTk7Ec5w5BEAjaMW0InFD5-tQyk59XWqimVncq2F2YDH-xNtXZV8S38DvDCZo8-gQzPcCD7UhpDm__rVNG7P', 'width': 3072}]",1.6877186,98.9347913
"MR8H+2RC, Kalangan, Central Tapanuli Regency, North Sumatra 22615, Indonesia",Pantai kalangan,ChIJT82lPsjzLjARVH0wSRad4mA,4.2,"['tourist_attraction', 'point_of_interest', 'establishment']",10.0,"[{'height': 2250, 'html_attributions': ['<a href=""https://maps.google.com/maps/contrib/108326650979281328662"">Fauzi Achmad</a>'], 'photo_reference': 'AUGGfZnlzcK2B7T9-OIQ80uJdHxoj8mVieFvde2Ir8phubp-FhbcOF0vIZbwhSwqf-4C-b_hzkZlfhwHny7jHRkhWu-sF2ddqI0apO2ouDCCYjxIb0VUkOYBxfvFwPgjUSEUZJtFAsN12TTaTXqsN5TnDGxF3JhSBMe8JtDA-di7oaygZOs_', 'width': 4000}]",1.6650563,98.8295132
"MQGC+WR, Pondok Batu, Central Tapanuli Regency, North Sumatra, Indonesia",Pulau Gosong Sibolga,ChIJBYUUj9jzLjARgsvjs50atp0,5.0,"['tourist_attraction', 'point_of_interest', 'establishment']",2.0,,1.6773272,98.7720456
"XJ5M+P3W, Unnamed Road, Aek Nadua, Kec. Pasaribu Tobing, Kabupaten Tapanuli Tengah, Sumatera Utara 22563, Indonesia",Air terjun Binanga,ChIJr6d0-BhRLjARsoNfA6JwWEk,3.7,"['tourist_attraction', 'point_of_interest', 'establishment']",3.0,"[{'height': 720, 'html_attributions': ['<a href=""https://maps.google.com/maps/contrib/117729323983910193507"">Parulian Saruksuk</a>'], 'photo_reference': 'AUGGfZlSVzc-ZzXmFBIA2tjdDNBSkxRuSIrINOQSzuuPf_khOpOwsOWIJ8ObBG0GEOAxtow8cwheNvUQZsUGLZjfD87wkJ8mSRMPBPUdeIOA0PuLzi1PFn5j1fa79ZhWv7KAbZ7sliSCNpLGH1oGi8296AGu9nfWcnZUI0_dcLNQWaF7o683', 'width': 1280}]",1.959371,98.6327185
"MV48+XXH, Unnamed Road, Sipange, Kec. Tukka, Kabupaten Tapanuli Tengah, Sumatera Utara 22613, Indonesia",Pesantren tahfidz agrowisata,ChIJF5FN1oqNLjAR9zltkzxzN0Q,5.0,"['tourist_attraction', 'point_of_interest', 'establishment']",11.0,"[{'height': 750, 'html_attributions': ['<a href=""https://maps.google.com/maps/contrib/117438746614394321345"">Ibrahim Az-Zaini</a>'], 'photo_reference': 'AUGGfZlnMuSPN341_aEMyLu7PAiJ4kb4mqiTl7xqx7ljDVShj_MCes55gwJjUFCakwKzB70H7x-OZ9MWozsoEQ1QbTcoEbQdm9LFz5ujijD_HmW0zg_GuSF7abxp9fDCMrO-RJt2BAueb_h1ekyxlQC5D-ZEcrslxJEUW2dqDM6ujZXLmBCk', 'width': 1000}]",1.6574285,98.8674828
"VVC3+WP, Pagaran Lambung IV, Adian Koting, North Tapanuli Regency, North Sumatra, Indonesia",Sampuran silima tingkat,ChIJqzNFLwBhLjARJF6wLzK6KmU,5.0,"['tourist_attraction', 'point_of_interest', 'establishment']",1.0,"[{'height': 3024, 'html_attributions': ['<a href=""https://maps.google.com/maps/contrib/117031854485744787387"">Richo Hutabarat</a>'], 'photo_reference': 'AUGGfZke-RXVWABpRYZFhK5ubJiySjiqVs5k-4OSxaLfcdigJP3jwie429NNaCmQu9TbMfhl1RRxM6_15dmh50PLg8mRNw42TW3PFAy0FYpGfn8li4vzg9nSPXesFXGMsPop7lEcNVdRLXhEmsDnAWIRqDiqV1ZpXt4-6BHjc_cj72X3vuE5', 'width': 4032}]",1.8722986,98.8543022
"QQ5C+737, Jl. Sibolga - Barus, Mela I, Kec. Tapian Nauli, Kabupaten Tapanuli Tengah, Sumatera Utara 22618, Indonesia",Mela 1,ChIJKXjZ-2D1LjARYo_k_rXC67w,4.0,"['tourist_attraction', 'point_of_interest', 'establishment']",4.0,"[{'height': 4160, 'html_attributions': ['<a href=""https://maps.google.com/maps/contrib/110605971525558975749"">A Google User</a>'], 'photo_reference': 'AUGGfZldR-ljvr947QITIUYye100o5DopHcz7a2-Mfz9o4R1ZUnUIbQVYTVdDzMbxxiIIcRGaXjGqAvUBhBw23R__IP1-BRGe26XGd3BEWB2IpdxjD-_MQ7dr4TPeQ0Xv9LX2w5t4LoHUbJcI1ZO7mkS1ppdHDREBYSCBYAnxry3ra3nuXhV', 'width': 3120}]",1.7580713,98.7700865
"Sihaporas, Pinangsori, Central Tapanuli Regency, North Sumatra 22617, Indonesia",Air Terjun Lubuk Buaya,ChIJo1UweleRLjARB_BvGuah7wg,4.8,"['tourist_attraction', 'museum', 'point_of_interest', 'establishment']",10.0,"[{'height': 4160, 'html_attributions': ['<a href=""https://maps.google.com/maps/contrib/101570709220648417313"">A Google User</a>'], 'photo_reference': 'AUGGfZmRBnLVIEw7M0zBid_s9S_jXgbSnzuwzJSuHbaMInVtggcrhlSQVIFXb6PE6lOIZL2JbvkhHMbAoZbGQwoEo8a3WA4A8mIFUEv0fhiNob8NGHe-M0ZEuhkqsWzZ_6I-h2Dt2uMGsEYrCe3_VZ_j4eqPer3QvFSTljmPAPHt--_YF6XK', 'width': 3120}]",1.5881472,98.9276925
"HWG8+GXH, Lubuk nabolon, Kec. Pinangsori, Kabupaten Tapanuli Tengah, Sumatera Utara 22654, Indonesia",Pemandian Lukbon,ChIJg1l8hvSVLjARN-D3rfXi3p0,4.7,"['tourist_attraction', 'point_of_interest', 'establishment']",3.0,"[{'height': 3264, 'html_attributions': ['<a href=""https://maps.google.com/maps/contrib/101353972158211854867"">Dedi Sianturi</a>'], 'photo_reference': 'AUGGfZkknvMAUx1kPAwzJnWmufOHm3i6dOJyU3S8FE7fSUobFw9ci3Ht1L86cz26ZP3EWFebfS29K4ELtX_nRPCkssAmf8ECnFs2w_SmasSxxpEPNcHTEmZC7pMkOatrvJp_kpMCHJkr7jEt7mkiaWwcG7qZoDgHSbnJnyUU2_BBYk_MruRw', 'width': 2448}]",1.5763191,98.9174903
"HWWP+67V, Sihaporas, Pinangsori, Central Tapanuli Regency, North Sumatra 22617, Indonesia",Air Terjun Sihaporas,ChIJVxBYPeaRLjAR2mn2TCwKtZQ,5.0,"['tourist_attraction', 'point_of_interest', 'establishment']",2.0,"[{'height': 4160, 'html_attributions': ['<a href=""https://maps.google.com/maps/contrib/100949388462025186587"">Erick Tulus</a>'], 'photo_reference': 'AUGGfZkYbkZtdJQfqnjShMFSKuKsWOc_RFAE4edicOJZnPOgsvXsjp-Sj0Ki7ih65t2_5Q39TvvLarYU69zOJO6iVoWhjifSkEIvLmr7r5dU_F_2Uouu-k69GcBgBHaBQyAvwHuSy6nGVfg75gfRMvbRikWVsMe9fAJ-3x5VTtTZrweHdQPu', 'width': 3120}]",1.5956015,98.9356734
"HWVM+69H, Sihaporas, Pinangsori, Central Tapanuli Regency, North Sumatra 22617, Indonesia",Air Terjun Lubuk Harapan,ChIJw9q6alaRLjARkxLbeAs4GEU,4.5,"['tourist_attraction', 'point_of_interest', 'establishment']",4.0,"[{'height': 2268, 'html_attributions': ['<a href=""https://maps.google.com/maps/contrib/113668351159198642180"">Iqbal Harianja Siregar</a>'], 'photo_reference': 'AUGGfZk6DRRGIgKpN-Wc3b3YolovlylwDBNK3edDRSKSMmDtzaA1TnD9UqtZeHxpR5rukHLxffCeCazQicj3NhCNbtd-Cf5XA9nZrhNg5EbRjF-AsAPsu-IiqbEm6aKfWXT0l6w9W-u4nbcMSxTK2HmaVuHwux9Zt7IH8yHjY4XEpH4eFJ7y', 'width': 4032}]",1.5930701,98.933483
"HWM6+GQW, Pinang Baru, Pinangsori, Central Tapanuli Regency, North Sumatra 22654, Indonesia","Resort & Camping Ground,Hills Cafe & Restoran",ChIJQegtvX6TLjARfaIKDyPy1X8,4.3,"['tourist_attraction', 'point_of_interest', 'establishment']",3.0,"[{'height': 4160, 'html_attributions': ['<a href=""https://maps.google.com/maps/contrib/100598094693851072098"">Cheriska Sitorus</a>'], 'photo_reference': 'AUGGfZkB5CLAhx90rzSwunGmUP0cElofsvYYSmFMCZtDhcNjPutOQKjmqv8R8HHqXh7tD5ELETlY4BOVDh32PZMbKR5OkUYr5lZO2wVA_ABGwWuF2YElzAfCOQzegeKMG851DuChs7GLHzDSycffWEonAm0Y_XYuhrNi3ObbHMWir3XJ8kB3', 'width': 2340}]",1.5838636,98.911964
"2C53+86R, Pasar Batu Gerigis, Barus, Central Tapanuli Regency, North Sumatra 22564, Indonesia",Kilometer Zero Islamic Civilization Nusantara,ChIJTx47mtOzLzAR5IUg-w2s31M,4.4,"['tourist_attraction', 'park', 'point_of_interest', 'establishment']",788.0,"[{'height': 3000, 'html_attributions': ['<a href=""https://maps.google.com/maps/contrib/106865736540927477811"">A Google User</a>'], 'photo_reference': 'AUGGfZkRddz6x1v_5cmeBVJ6xSwE7d09dCM42oYVnSCwN_DBrBD2xRM3KSJAILmiztz7KWX_WiKDqrUul8uNzOravf4zWl3NlS1VKIkM8YIXcAlNUJCtB2E_PgNoRcCQwrkBlgENzO4LrWEuEEyGUUNSUi9CybYrFTR1v0E5QOVMlPPqZQcu', 'width': 4000}]",2.0083539,98.4030095
"39C7+X32, Jl. Barus - Manduamas, Siordang, Kec. Manduamas, Kabupaten Tapanuli Tengah, Sumatera Utara 22564, Indonesia",Kapur barus,ChIJQ9CXbbS3LzARYUPAyJiqGhk,3.7,"['tourist_attraction', 'point_of_interest', 'establishment']",3.0,,2.0723896,98.3626271
"2F95+Q4C, Sibintang, Sosor Gadong, Central Tapanuli Regency, North Sumatra 22564, Indonesia",Air Terjun Gorbus,ChIJM3NrpBazLzAR3KO0S1kt-Io,4.3,"['tourist_attraction', 'point_of_interest', 'establishment']",46.0,"[{'height': 1836, 'html_attributions': ['<a href=""https://maps.google.com/maps/contrib/104951973160894134173"">A Google User</a>'], 'photo_reference': 'AUGGfZlXvkIf8zcppcVO-e3SWL0EsBCxjaYeZzGjwxdIPFqYuYn37Gn9c4sasJ2rM0Wk_MVB8xNYppxolxWRE3UELG0mM7FgZYfKqKllx78YYsVvf6Bc8q8b6ykN7JnzRBNtR4ypYHp9PU9V5mBM7zTDg77kAM4wG3hEwbK4Y3P5yHUyP7Jl', 'width': 3264}]",2.0194394,98.4577718
"295X+292, Barus Pantai, Ps, Ps. Batu Gerigis, Kec. Barus, Kabupaten Tapanuli Tengah, Sumatera Utara 22564, Indonesia",Dermaga Barus,ChIJbepi2EyzLzARSRXKT_zy8S0,5.0,"['tourist_attraction', 'point_of_interest', 'establishment']",1.0,"[{'height': 3468, 'html_attributions': ['<a href=""https://maps.google.com/maps/contrib/105453539048652744407"">A Google User</a>'], 'photo_reference': 'AUGGfZna4UpgYtD-7B8yfRkXf_mej3XVg5sX5MPDlc3Xfb478gv7ecaDMMNUUcEjSwWgutSHx7Zo3Q-24Dedv0M8iubP50-TVoVH4mcX4khcxPiR0bxlbLOPYzSaE4aa2YKfu3hiovR6ErUltSAIpz0AWpbKLDaVko7doqr91dn7_iNkWSdq', 'width': 4624}]",2.0072921,98.3984558
"Jl. Sibolga - Barus No.100, Kedai Gedang, Kec. Barus, Kabupaten Tapanuli Tengah, Sumatera Utara 22564, Indonesia",Pantai KD3,ChIJ3Xthn6uzLzARcK8O_YqBy7g,4.5,"['tourist_attraction', 'point_of_interest', 'establishment']",2.0,"[{'height': 3936, 'html_attributions': ['<a href=""https://maps.google.com/maps/contrib/104263162767529849297"">A Google User</a>'], 'photo_reference': 'AUGGfZmgmWolImKUcu6OZt1AJaPmf9O7Yw0ZkojadlmmPLY4W2uTAWVkOiFllCAXD78aCGn25KBy3spOwXo8yi8I6KKc5Q6MpkghswvVMH_XrMDcjjWjU4dNjZPYEKkJEsKFsFKL1l0dEfvW1d1swA8Su2UHgOWirgL1co5EDJrN1dehYnV6', 'width': 1728}]",2.0090091,98.4222124
"Jl. Sibolga - Barus No.100, Kedai Gedang, Kec. Barus, Kabupaten Tapanuli Tengah, Sumatera Utara 22564, Indonesia",Pantai Kedai Tiga,ChIJS-YyRIazLzARfQjxA9ilnmQ,4.3,"['tourist_attraction', 'point_of_interest', 'establishment']",40.0,"[{'height': 3120, 'html_attributions': ['<a href=""https://maps.google.com/maps/contrib/102649097672270462199"">Hermanto Tamba</a>'], 'photo_reference': 'AUGGfZn0SHAYcVE9DJ-B4Lv325D_V-kFrnid-jHSkMZhZHhuqZvxQZGougdHsqm50SkYZFcW-mcxPwCQpOSl0hXUepqPjX65GHL58QsHjbhpGjb_JZsWpRYk3p8-EEJQiHbA6rkLamL8fZl2FBBNebc83EC21msYg1avpIzFgn8Y_cM2XElL', 'width': 4160}]",2.0088657,98.4230351
"2C2R+GVF, Jl. Muara, Sibintang, Kec. Sosorgadong, Kabupaten Tapanuli Tengah, Sumatera Utara 22564, Indonesia",[BangSkot]Wisata Pantai Indah Sibintang (PIS),ChIJR8f9u-KzLzARFfSl3GRSpgY,4.4,"['tourist_attraction', 'point_of_interest', 'establishment']",91.0,"[{'height': 540, 'html_attributions': ['<a href=""https://maps.google.com/maps/contrib/118365950329740657380"">A Google User</a>'], 'photo_reference': 'AUGGfZnotkgWX2UEjUV97mXDGhoetxdSg2SfRVvl0zmJt8hTjTf6Q57qFiH1X0cZWXqXQcgYb1Zr8Kja3MgAVUxdP0IsP08hQ2xnSHVqVwdsHMAccUrQ4ACb297yLbdK0x7cOfkK4z_-Lv8cFc-k9zODv9lvF_Wi1RlbLQEbTXwDZXvMoq-S', 'width': 720}]",2.0013198,98.4421717
"2C5W+MR4, Jl. Beras, Sibintang, Kec. Sosorgadong, Kabupaten Tapanuli Tengah, Sumatera Utara 22564, Indonesia",Lumban silalahi,ChIJD3vb1CizLzARvJtsN30aCB8,5.0,"['tourist_attraction', 'point_of_interest', 'establishment']",1.0,"[{'height': 2448, 'html_attributions': ['<a href=""https://maps.google.com/maps/contrib/100275166323274777633"">ale smmra</a>'], 'photo_reference': 'AUGGfZlXxnw8Ei3-nSYhyz_Wxz0BSEhZNf9lSevQ3DwHV9OqU68Yoo9xth6AkF6Cp75pXwEGm3r03vRXPl3mARvt96TJnntVgSdX05EEyAxFHyM296HEztcN-9-ZBTT-wtvJxEArqEIUBT9iDEYbqK8aOhBXKPQXdLk4I7XhiLwRa3baug6U', 'width': 3264}]",2.0098765,98.4460717
"2935+F48, Kapalo Ujung, Sitiris-Tiris, Andam Dewi, Central Tapanuli Regency, North Sumatra 22564, Indonesia",Kapalo Ujung Beach,ChIJtZxyMnGxLzARKD2YYGy1jGE,4.8,"['tourist_attraction', 'point_of_interest', 'establishment']",11.0,"[{'height': 1800, 'html_attributions': ['<a href=""https://maps.google.com/maps/contrib/110190584423893589509"">Musbar Marpaung</a>'], 'photo_reference': 'AUGGfZkwdND4In1PvnkvNuWTt_J5Dy1YAxP94uvhHtEN5odNQ17uSKtzNBT3WaoIQej0Gn5v_eiUvk5OIchcs_YEHgu6Zp-6WHOjj2Ef0nxvb5d3VY3n32-OPgHDvJyvI9wnYNggTpUsD1Ulrvc6OpPlJsWru9T5w1Od7arRr3Z6cwKN-MhC', 'width': 4000}]",2.003669,98.3578273
"X9G3+32G, Sitiris-Tiris, Andam Dewi, Central Tapanuli Regency, North Sumatra, Indonesia",Kapusin Pulau Karang,ChIJmdSHutGxLzAR5a5Llpg6n9Q,5.0,"['tourist_attraction', 'point_of_interest', 'establishment']",1.0,"[{'height': 3024, 'html_attributions': ['<a href=""https://maps.google.com/maps/contrib/102038329451043117110"">Agustinus Fahik</a>'], 'photo_reference': 'AUGGfZkIOFFSpeaZYjLDdftWJ7dm87CWVq0mmUDGHeBi0oe2I26EnPdPuBn1OFXf2Z1Rqh9atZ6CyXIynwyowWUVVlaBnaJ6MCEy5lhDb7-AIhwDOxScLPZVyTlmG6-2rO-Qo7I-HdVsY9vs1SIHADI0TBDv1uiII4KEblykK1h6uHPQOt5Z', 'width': 4032}]",1.9758006,98.3539807
"2999+75, Sitiris-Tiris, Andam Dewi, Central Tapanuli Regency, North Sumatra 22564, Indonesia",Sungai Marco,ChIJR-jIpCKxLzARVI9YHNNAfao,5.0,"['tourist_attraction', 'point_of_interest', 'establishment']",2.0,"[{'height': 4080, 'html_attributions': ['<a href=""https://maps.google.com/maps/contrib/112038693064233105589"">A Google User</a>'], 'photo_reference': 'AUGGfZng_vrGFnxgEBFSt5owof-YUfNCfbY9lRpjppN-r3NzMOjru6ZTPve2vQhxnVG25ut99fBTs-4qkI_zazhtHq6RJg9tyDoUyYeNhorcbcEjhjhA2fgvd6KRWNhIhpSuzczFMsGj4ej0lr4L6VN0HSebQnt_OF4BLsKagBbIgPNdsjtr', 'width': 3072}]",2.0181658,98.3678802
"X8CX+8J, Sitiris-Tiris, Andam Dewi, Central Tapanuli Regency, North Sumatra, Indonesia",Mercusuar Darat - Vuurtoren Karang Eiland - Pulau Karang,ChIJOWdDMjKxLzARHg1xolSdoRw,5.0,"['tourist_attraction', 'point_of_interest', 'establishment']",2.0,"[{'height': 4160, 'html_attributions': ['<a href=""https://maps.google.com/maps/contrib/109826440908110702697"">A Google User</a>'], 'photo_reference': 'AUGGfZnBDbVr0lK2HVcrgLJNcTXtkRq7WywdPHWilZCYp5j2f9a7lx_GnjsMbYzFK7PgoFqzMOd26g-Qfrj-SSfOp3HPso_XSlDRvt2h6IEDb9S4EWtj4XEIWwwrIyMBOjP-B4RJ74D0WuQ0XDH_Pv-Db50oQYsVw_t9rPzZc3UIgLZn3-19', 'width': 1872}]",1.9708401,98.34908500000002
"X9G2+94, Sitiris-Tiris, Central Tapanuli Regency, North Sumatra, Indonesia",Pulau sitiris tiris,ChIJYQmb82GxLzARI6JLmc7QzEQ,4.8,"['tourist_attraction', 'point_of_interest', 'establishment']",4.0,"[{'height': 4032, 'html_attributions': ['<a href=""https://maps.google.com/maps/contrib/106730876003594392831"">A Google User</a>'], 'photo_reference': 'AUGGfZn5vNGGzAiK5RxCMYU2GlIXxLPOdnCZdf2vVrejCHS9t65y6hT7841Y8iqg5zubsoWsVxyCk--KyZReJiMettXBfGuCma8dj563_QxT0HmvdohP-JV1X2WZIQ-rASwMk-82Wo8-WcwIuRrs6B8u5C3HsHayXcwTBnqYOeybLHC7YwyM', 'width': 3024}]",1.9758997,98.3503084
"Simpang III Lae Bingke, Sirandorung, Central Tapanuli Regency, North Sumatra 22651, Indonesia",Dolok Bunga Sirandorung,ChIJn5yFJSHJLzARBNdFIZ2O-KE,4.7,"['tourist_attraction', 'point_of_interest', 'establishment']",11.0,"[{'height': 2448, 'html_attributions': ['<a href=""https://maps.google.com/maps/contrib/107111083874422120145"">ahmad ramadhin</a>'], 'photo_reference': 'AUGGfZmwA6UGyrdPoN-NfcwFARsTIDSLneFcMkqGdfnzA60Gc1XUBjTmCWvFl3ru8H5nzDcAvO6I4kv3Orke_lk4wNLcmQwAXHMoY4421cyrXIz-QpURXbBLmjhS9mY2Mg3kafJgTHVLSynz-dAVah5wBGuXZoYek3nzigs82tFFWz_bzBxh', 'width': 3264}]",2.1300029,98.3392272
"Jl. RGG No.36, Sibuluan Nalambok, Kec. Sarudik, Kabupaten Tapanuli Tengah, Sumatera Utara 22616, Indonesia",Kolam Renang NESYA Sibuluan Nalambok,ChIJHyy_9A7zLjARNDDCXyYLBSA,4.7,"['tourist_attraction', 'point_of_interest', 'establishment']",27.0,"[{'height': 1080, 'html_attributions': ['<a href=""https://maps.google.com/maps/contrib/109196294218158127691"">A Google User</a>'], 'photo_reference': 'AUGGfZnx9LJd9B38uL4ibhtM3Lx1Cemh9ZqbcLDSzxpajLuYgfCcd9nKSCl6VbnaprR7v7E5B2dbaBZhVebR0-2VsI0MKepKC4utLi7DIQeGG0jEOYepG47gcWgXDlsSF7GrvB8G892IhFlRYAs5lGyi4bX2qTuXgMTRZu4CBngG-IwAmXGZ', 'width': 1920}]",1.7209662,98.8213155
"PRRR+3X7, Jl. Sirih, Sipan, Kec. Sarudik, Kabupaten Tapanuli Tengah, Sumatera Utara 22611, Indonesia",Kolam Pemandian Aek Parulian Desa Sipan,ChIJt_RGCvqLLjAR63ZM9DfRRcQ,4.2,"['tourist_attraction', 'point_of_interest', 'establishment']",6.0,"[{'height': 900, 'html_attributions': ['<a href=""https://maps.google.com/maps/contrib/102264989668645010168"">Sonny Lee Hutagalung</a>'], 'photo_reference': 'AUGGfZnEfy1iuKruissHT0NqQF-ymL1AOPKzx-GUltL_OaPNk8i-qkAop-WirfIjyt6G4Ygrq_yOrN2rhWTcQCITqNvM-9-LG9g6qEYfysR8ZJOFUI1s8F30HziT4o_2VQ1ePoayOgn_CCtP0XerrmmZIspu6jQJCMTixqzMcWsrlxDQ5UiG', 'width': 1600}]",1.7401665,98.8424348
"PV45+M73, Tukka, Central Tapanuli Regency, North Sumatra, Indonesia",Koram Renang dan Kolam Pancing Parrona,ChIJ2yGq7QCNLjAR9RGreRxOTrM,4.7,"['tourist_attraction', 'point_of_interest', 'establishment']",3.0,"[{'height': 3000, 'html_attributions': ['<a href=""https://maps.google.com/maps/contrib/105104138670444909776"">tulus manalu</a>'], 'photo_reference': 'AUGGfZkRPdlZVoHU7xbzT48vKpNG6dkCJgf6b6J166__-Tdq-PbWVddckOaWqFg7wlBfC3iJczNbSde-JreUPb3HpN_I-J85yekGo11wQAFOfl9jR1dA5EwpoI88eNvxfptcav9bAJk9VL9m-waut2maWLjuVJnpnRrsLLFJfYhbWLoFiQOF', 'width': 4000}]",1.7066363,98.8581646
"Jl. Padang Sidempuan, Pandan, Kec. Pandan, Kabupaten Tapanuli Tengah, Sumatera Utara 22537, Indonesia",OPEN TRIP PULAU KALIMANTUNG & MURSALA BY KALIMANTUNG TRAVELING,ChIJhcMSAInzLjAROSUcGcelArg,5.0,"['tourist_attraction', 'point_of_interest', 'establishment']",6.0,"[{'height': 1864, 'html_attributions': ['<a href=""https://maps.google.com/maps/contrib/107368723453772710318"">A Google User</a>'], 'photo_reference': 'AUGGfZkSk5zzaoIJGVh5_ceblriiQ3EKoTRrzSz5Q712Bz3LZwyWfNQYsVuUNfrGCY0VApEtrusdscgTrrRe58oAz2_V2Uo25HX5hNKIZnMtZEPdeyS67KXWWzaOBcp3jBOUKIRjRFSCRqWpO1qwZCo9laMPj5-PWsr2xtyleJGp58LcoYEp', 'width': 2485}]",1.6777494,98.8258545
"PV45+M73, Tukka, Central Tapanuli Regency, North Sumatra, Indonesia",Kolam renang Parrona,ChIJBwbWW1qNLjAR2R5De-lYPr4,4.0,"['tourist_attraction', 'point_of_interest', 'establishment']",1.0,"[{'height': 4160, 'html_attributions': ['<a href=""https://maps.google.com/maps/contrib/103262703054804420112"">A Google User</a>'], 'photo_reference': 'AUGGfZmRG8ufUq9xFYYGxMxkz9j1YJb8YDvy1OQYAWbugQ2sBH3QGq32dPDolQnMciCNZoKrEBtv7pbYhhhE7wUJt5pySgfHSQEuuTYiOU5KlcZObCswIElviNbrpWIUxxrqDYWdzSO81NU_6bzNekuADdUP1fuLrsjwCLD8BjkoZdhsR-w', 'width': 3120}]",1.7072208,98.8593069
"Jl. Padang Sidempuan No.Km. 10A, Pandan, Kec. Pandan, Kabupaten Tapanuli Tengah, Sumatera Utara 22537, Indonesia",Pantai Pandan Ceria,ChIJudNC-NbzLjAREhEBGEvhYv8,4.8,"['tourist_attraction', 'point_of_interest', 'establishment']",5.0,"[{'height': 2976, 'html_attributions': ['<a href=""https://maps.google.com/maps/contrib/112386528532730257874"">Ali Harahap</a>'], 'photo_reference': 'AUGGfZl-2tb7UHrARIW6wEtTb7Kr3IntIyACqo9k8JHv-HQnDrd-DsOPUChiG1hbixjhUe0_tz3holSZXpNVV56oMbAh_S2b5mGXE7ObyzUz2ZZx_9NalJ7yGNLv3tRQnhL9VNCEJPZ0cH2Vplz2h3Gs6UapADP1Rp2gpJvEBiUBlfbRJr8I', 'width': 3968}]",1.6818042,98.8210411
"QQ8X+738, Jl. Sibolga - Tarutung, Simaninggir, Kec. Sitahuis, Kabupaten Tapanuli Tengah, Sumatera Utara 22618, Indonesia",Sibolga Dutch Ned-Indi√´ Tunnel,ChIJb_H3-bn1LjARAiPK6K_cneQ,4.5,"['tourist_attraction', 'point_of_interest', 'establishment']",35.0,"[{'height': 4032, 'html_attributions': ['<a href=""https://maps.google.com/maps/contrib/103869302521324668068"">Nelson Satria</a>'], 'photo_reference': 'AUGGfZmEbZ_zUSWVEcXjqC_YfncVclz8p26FsUlJl7x-kitPXCqdI1fgNVTreq5ESMyuVd817Woeg57wc8N8Gfx_cNnJdEgFVEMF3myAXfIcotdUDzqG29GDBw0RPruhrAPGUdlkPAHHGXJF1WVH8kWwPblOThMEJQhXLESglf59HPy46XvU', 'width': 3024}]",1.7656553,98.7977136
"Jl. Sibolga - Padang Sidempuan No.92, Kec. Pandan, Kabupaten Tapanuli Tengah, Sumatera Utara 22537, Indonesia",Pantai Pandan,ChIJn-99t6LzLjARIdPVS4yN5b4,4.3,"['tourist_attraction', 'point_of_interest', 'establishment']",180.0,"[{'height': 4000, 'html_attributions': ['<a href=""https://maps.google.com/maps/contrib/110241224739116654868"">rachmad nasution</a>'], 'photo_reference': 'AUGGfZkBTji747V58Q1e3gpsuzaQJedTxS3OSc9FjDMF07Xl9ijtfxNgpBKIB8LyUfgEDmQwnXXN-86bL_6FDGPsCV6YWpcVxw9rAj2NQLDyP9Vlu9k9RP39D_7y_YLPga1a8RxxtMjCqfaXhYircOxPaWXaswUPr0EBWgsWp9GpstQeML7D', 'width': 3000}]",1.676602,98.825612
"Masundung, Lumut, Central Tapanuli Regency, North Sumatra 22618, Indonesia",Air Terjun Sihapura,ChIJqxsk9eKRLjAR9BVK5oVwoYY,4.8,"['tourist_attraction', 'point_of_interest', 'establishment']",13.0,"[{'height': 3264, 'html_attributions': ['<a href=""https://maps.google.com/maps/contrib/107111083874422120145"">ahmad ramadhin</a>'], 'photo_reference': 'AUGGfZmzBbO5Cdgw1-BVy_jDBerd4Jv4FzDI8xv4gRb5TNVKjeVRqaGWQRrjFfR-Z4blt-ZgptnEGDKni3LCKA7SLktldrFjyLbGYXnE5KugUirDqFmifFOcyAaehLiBrBnAgJRsC2SXQOkT7wP29qwAtGqOkv7HpKg3ugWdvgwcQ-hQfpfP', 'width': 2448}]",1.5878576,98.9618434
"3WGV+CRM, Situmeang Hasundutan, Sipoholon, North Tapanuli Regency, North Sumatra 22452, Indonesia",Air Panas Sipoholon,ChIJqZ9NLyBtLjARU19MafLRK14,4.4,"['tourist_attraction', 'point_of_interest', 'establishment']",216.0,"[{'height': 3456, 'html_attributions': ['<a href=""https://maps.google.com/maps/contrib/106211723952656604847"">ikaputri siregar</a>'], 'photo_reference': 'AUGGfZlMdcnJoJQCafE3NpntI5tEcCNZB71KisguuRE1PdHT1y46OJo0zBhdrIAThr7crxWXFjq4A_aiiAYBdLW47zSjILKmSQFN3QWhB4eFABVWFyEh4i1tVvBB1T7POsUxe-JNM8p7hWPUHlPidKksO0ehb1MApSG_E5dkKx60m6sHwscR', 'width': 4608}]",2.076085,98.9445445
"3WGV+F83, Situmeang Hasundutan, Sipoholon, North Tapanuli Regency, North Sumatra, Indonesia","Sipoholon,Indonesia",ChIJm_tORpttLjARanaET8OVYbU,5.0,"['tourist_attraction', 'point_of_interest', 'establishment']",2.0,"[{'height': 3000, 'html_attributions': ['<a href=""https://maps.google.com/maps/contrib/118127256316720745159"">A Google User</a>'], 'photo_reference': 'AUGGfZlzIOFGildm6cy_rwW5s7puLFAwvPLVnBQNmQ3_RiGqUWmd0fS8hil-UlKO7oxM9pig1P7Kj9cH8VVl9oMKn-qIs1UnnnRDy2ggxgCNSwqPO0qJ7rzbJGW6TcWa4cn9enDx1z5Va3gT1GkMYRN5lo288r78Xaq1OhI0cg9p345BkXn2', 'width': 4000}]",2.0761461,98.9432876
"QM83+8R, Tapian Nauli I, Central Tapanuli Regency, North Sumatra, Indonesia",pantai barat tapanuli,ChIJ9R58EGv5LjAR059oC_U09go,4.7,"['tourist_attraction', 'point_of_interest', 'establishment']",3.0,"[{'height': 1824, 'html_attributions': ['<a href=""https://maps.google.com/maps/contrib/115182656839145184436"">A Google User</a>'], 'photo_reference': 'AUGGfZlUHPMDlTRAFdb3OEfG3aQyIytuE1K4oXqMOsEL-KdGvQrXVk3Ffh03caBw5v5izP9UTs5HTa4UO4eNajSujTuTUj6qST4Lkmp0L0iXufZ4BQL8w8r53SYVYdvEZshMvsi4BaCaTsvkWPINh1fK4JTrvVtTk6Qc2iVTIQK7szq6aq1Z', 'width': 4080}]",1.7658355,98.6545703
"VMH9+PG7, Padang Masiang, Barus, Central Tapanuli Regency, North Sumatra, Indonesia",pantai si bintang barus,ChIJqeZ6AalZLjARYw3GzynbyDs,4.0,"['tourist_attraction', 'point_of_interest', 'establishment']",2.0,"[{'height': 1080, 'html_attributions': ['<a href=""https://maps.google.com/maps/contrib/115952193130085076214"">Rudian Kesuma</a>'], 'photo_reference': 'AUGGfZkipY_zKwsTVpNes2SB7g6MGIg9os0-BNzxH0mTvnl70ClBFyIOeDsISykBxnnIBmb-rkty3NR7cA0MfVzZ2w74o8Pkgzrbeh57GmB0H-WYJusKwQVe6cRY4hWr-HT-b--WyZBNHgyHk3bTQe_nMRvJ5PXtY9V7846VyR58SQryD0LG', 'width': 1920}]",1.8792864,98.6688095
"3WFV+QHM, Situmeang Hasundutan, Sipoholon, North Tapanuli Regency, North Sumatra 22452, Indonesia",Pemandian Air Panas Karunia,ChIJbe9mJ2dsLjARQK8uliQ-9pA,4.3,"['tourist_attraction', 'point_of_interest', 'establishment']",158.0,"[{'height': 2304, 'html_attributions': ['<a href=""https://maps.google.com/maps/contrib/115238391542497013330"">Hasanuddin waldi</a>'], 'photo_reference': 'AUGGfZkdZS3th80q1vtIE6L0SMqHV8VBfZEHe4A8VDVuvD0zwfYVidfGY_M4a4dF7V1DGCRArWwYKG3ZEIbWelywggKsJ-xMX4SfoDg-c2nVEGRf3vFhwPiwHSs8CK7ov9ynjrRHW34ajgf0f0DHQzZJDl7lVX5gum6Ri0m974xiEei3D2VR', 'width': 4096}]",2.0744521,98.9439223
